0,492.41,340.24,251.46,258.64,247.51,254.4,254.96,254.97,254.96,326.62
0.01,499.59,248.26,243.91,244.62,247.71,244.26,244.29,244.09,244.28,247.56
0.02,508.67,247.35,243.71,244.08,244.73,243.87,243.53,243.7,243.58,244.25
0.03,515.27,247.15,243.88,243.88,244.92,244.03,243.8,244.06,245.69,244.04
0.04,521.38,247.2,244.01,243.85,247.2,247.08,245.15,244.02,247.08,244.2
0.05,526.81,240.31,244.76,246.68,244.29,248.08,246.73,246.88,247.71,246.87
0.06,531.56,375.58,247.09,247.17,395.98,251.77,230.07,236.58,236.78,246.99
0.07,535.51,387.56,245.44,347.22,401.3,246.89,557.71,501.08,556.98,348.56
0.08,540.05,396.11,324.88,346,410.17,441.1,557.81,511.09,565.35,359.71
0.09,539.77,406.39,332.3,345.03,416.31,440.36,553.64,523.47,573.19,368.68
0.1,543.54,418.66,341.12,343.29,422.58,440.09,548.64,534.86,577.8,380.98
0.11,541.98,428.43,351.15,341.73,431.42,439.16,542.05,541.84,582.87,390.52
0.12,543.69,438.15,359.98,340.27,437.96,438.79,538.75,549.05,586.57,396.73
0.13,539.96,448.64,371.8,339.68,444.31,438.49,532.12,558.55,587.38,409.47
0.14,540.27,457.43,381.96,339.74,450.71,439.09,523.58,559.74,587.59,420.1
0.15,535.65,466,392.02,341.04,456.72,442.38,513.87,565.17,586.62,430.6
0.16,532.12,473.21,398.9,343.04,462.82,441.85,509.3,566.98,584.24,442.7
0.17,528.06,480.59,408.75,345.74,467.98,446.11,498.47,572.9,580.6,450.55
0.18,523.52,486.72,421.36,348.67,474.98,449.16,490,570.33,576.09,461.99
0.19,518.21,491.92,431.5,355.39,477.62,452.55,481.75,573.51,570.78,470.92
0.2,512.85,497,441.49,359.97,484.36,456.24,473.16,569.52,564.14,479.88
0.21,506.27,499.97,451.14,365.11,488.02,460.68,465.75,569.86,557.38,488.37
0.22,500,502.73,460.24,370.36,491.4,465.34,458.49,566.73,546.62,498.03
0.23,492.88,504.2,471.1,376.35,493.84,469.69,449.6,563.22,540.86,504.65
0.24,486.21,505.04,478.75,382.68,496.22,474.97,443.01,554.9,528.9,510.64
0.25,479.17,504.88,485.69,387.33,497.57,480.71,436.61,549.61,520.17,515.6
0.26,472.19,503.4,492.26,393.55,497.77,485.59,432,542.8,509.69,519.46
0.27,462.77,501.54,497.12,399.21,497.84,492.85,426.84,535.44,498.72,522.83
0.28,455.63,498.19,501.49,406.57,497.4,498.37,423.2,527.79,488.57,525.62
0.29,449.06,494.16,507.37,414.12,496.54,503.7,419.55,519.49,478.48,526.93
0.3,442.64,489.39,507.09,421.61,494.31,509.02,417.8,509.85,465.92,527.71
0.31,436.57,484.66,510.81,429.87,492.14,514.39,416.13,501.5,455.8,526.58
0.32,430.8,476.21,511.42,436.44,489.51,519.45,415.51,492.71,446.66,525.05
0.33,425.72,469.19,508.26,442.66,485.94,523.95,415.79,480.86,437.41,522.15
0.34,421.64,461.71,508.64,448.59,482.01,528.32,416.53,471.28,429.09,519.26
0.35,415.09,454.91,506.26,453.77,478.21,532.18,418.31,462.53,421.1,514.88
0.36,411.69,447.5,502.63,458.84,471.54,535.47,420.96,453.3,413.67,509.81
0.37,409.41,438.45,496.35,463.25,465.79,538.67,424.5,444.87,405.88,504.06
0.38,407.38,430.22,490.86,466.69,460.64,541.05,428.54,436.19,403.42,497.88
0.39,406.43,421.53,483.72,470.26,455.32,543.85,433.28,428,399.72,488.65
0.4,408.34,413.45,477.39,472.81,449.81,544.86,438.5,420.46,396.66,480.15
0.41,406.47,405.03,469.29,474.26,444.3,547.7,444.66,413.9,394.84,472.09
0.42,407.67,397.72,461.48,475.21,438.79,547.22,450.92,409.05,393.9,463.64
0.43,408.69,392.95,450.93,475.48,433.25,547.98,457.71,404.24,393.57,455.15
0.44,411.4,386.03,442.16,475.03,427.89,547.01,466.79,400.85,394.91,447.07
0.45,414.1,379.2,433.17,474.12,422.66,545.63,474.54,398.45,394.42,438.82
0.46,420.68,373.49,424.42,472.32,418.24,544.28,482.04,397.61,398.95,430.6
0.47,425.1,367.89,415.26,469.83,411.4,542.84,489.93,396.48,400.85,419.96
0.48,429.83,363.2,406.13,466.59,407.21,540.6,497.93,396.19,405.8,411.97
0.49,435.26,358.82,398.62,463.26,403.25,538.61,505.08,396.91,412.7,404.43
0.5,441.27,355.17,389.99,459,402.8,534.79,512.46,398.99,418.85,397.88
0.51,447.23,351.87,385.35,454.44,399.95,531.18,521.81,400.6,428.65,393.07
0.52,453.49,348.75,375.16,449.08,398.05,527.64,526.01,404.8,436.63,388.12
0.53,460.49,347.59,368.57,444.02,396.02,523.51,535.13,409.97,445.27,382.62
0.54,467.73,347.66,362.3,438.19,395.32,519.51,541.73,414.78,454.89,378.66
0.55,476.32,348.83,356.71,430.41,394.74,514.51,546.43,421.07,464.28,374.55
0.56,483.41,350.27,351.8,424.42,394.66,509.26,552.2,427.88,474.06,371.93
0.57,490.15,352.8,347.79,418.02,395.33,506.22,556.01,434.91,483.47,369.53
0.58,496.46,355.77,344.22,411.78,396.11,501.27,559.81,445.27,496.21,368.82
0.59,503.25,360.01,341.88,405.76,397.58,497.38,562.33,453.51,505.84,368.18
0.6,509.29,364.74,340.75,401.46,399.75,492.81,564.13,461.67,515.22,368.76
0.61,515.28,370.15,338.62,395.15,402.74,489.04,565.45,470.33,525.26,370.44
0.62,520.11,376.41,338.88,391.64,403.11,485.06,566.14,479.79,532.98,372.39
0.63,524.8,383.71,342.02,387.47,406.46,481.41,565.82,489.27,543.67,375.41
0.64,529.15,390.02,344.53,379.89,410.53,476.11,563.9,496.92,551.53,379.09
0.65,533.32,396.88,347.69,375.49,415.12,474.9,563.86,504.83,558.54,383.73
0.66,535.92,401.74,351.92,373.92,420.08,472.37,560.42,515.73,565.06,388.21
0.67,538.09,411.15,356.83,370.78,425.26,469.47,556.98,523.28,567.35,394.46
0.68,542.71,419.21,362.44,367.99,429.98,466.09,553.67,530.93,574.62,398.13
0.69,542.42,427.28,368.49,365.49,437.21,465.08,549.45,538.04,578.35,404.38
0.7,541.66,435.28,375.87,364.09,442.71,463.71,544.68,543.2,578.34,411.55
0.71,541.27,443.94,383.23,360.91,448.18,463.69,540.05,549.91,582.45,419.06
0.72,543.31,451.81,390.76,360.3,453.87,463.79,531.09,553.68,583.34,426.72
0.73,538.91,460.06,398.47,360.59,459.46,464.13,524.55,560.87,583.03,436.71
0.74,536.47,467.11,406.34,361.35,464.17,467.61,519.45,561.99,581.39,444.8
0.75,534.32,470.76,414.3,362.93,469.88,469.33,512.48,563.37,579.33,452.67
0.76,531.77,478.67,423.31,367.94,473.78,470.93,506.2,567.74,576.23,460.76
0.77,527.8,483.7,431.46,370.81,478.1,473.46,499.06,568.37,572.01,468.42
0.78,522.61,488.51,440.42,374.24,482.27,476.36,492.54,565.59,567.73,478.38
0.79,517.64,491.99,448.78,377.57,486.15,479.4,485.77,563.9,558.95,485.45
0.8,512.47,495.28,459.48,381.97,489.07,482.74,479.34,564.96,555.83,492.68
0.81,507.4,497,466.73,386.99,493.61,486.91,473.26,562.31,546.44,496.65
0.82,501.54,498.85,473.67,391.77,496.37,490.59,467.51,559.43,538.72,503.35
0.83,495.69,499.96,480.12,395.07,497.82,495.06,462.32,552.15,532,508.9
0.84,489.85,499.17,485.96,399.56,498.75,499.58,457.48,548.03,525.91,512.76
0.85,483.82,497.75,490.42,405.36,499.42,503.57,450.92,541.12,514.45,516.05
0.86,477.74,497.01,494.64,411.56,497.38,508.68,447.45,535.77,508.01,519.38
0.87,472.18,493.89,501.67,417.59,496.57,512.8,443.8,529.3,497.76,520.9
0.88,465.65,491.08,501.39,423.37,495.09,516.85,443.9,522.23,489.53,522.85
0.89,458.68,487.42,506.61,429.55,496.37,521.33,439.72,515.5,480.81,523.1
0.9,453.81,483.08,507.4,437.53,492.93,527.16,439.01,506.06,472.88,523.05
0.91,449.33,475.74,507.88,443.24,489.12,531.95,438.38,497.14,464.88,520.76
0.92,444.77,472.52,504.33,448.66,488.87,535.59,438.57,492.32,457.63,519
0.93,441.04,466,503.18,453.27,483.56,539.05,440.08,485.05,448.4,516.37
0.94,436.61,459.46,500.33,458.15,479.38,542.4,441.97,474.86,444.98,512.83
0.95,433.1,451.24,496.96,462.54,475.68,545.5,443.68,467.55,436.39,508.83
0.96,431.55,443.92,493.08,466.22,471.2,545.85,446.84,460.78,432.11,504.21
0.97,431.63,437.41,488.7,469.38,466.73,546.99,450.73,454.34,427.42,495.95
0.98,431.14,430.52,483.6,472.03,462.27,551.56,456.75,448.43,424.6,493.45
0.99,428.39,423.86,477.96,474.21,457.62,553.43,461.08,443.03,422.21,487.96
1,430.3,414.83,472.12,475.41,452.95,551.38,466.58,436.42,421.16,479.31
1.01,432.06,407.9,464.97,476.81,448.47,551.78,472.03,431.55,420.09,472.27
1.02,433.42,401.21,455.45,476.64,444.02,551.86,477.77,430.39,420.91,465.08
1.03,434.66,395.65,447.69,476.56,439.26,550.96,484.39,427.4,421.92,457.61
1.04,438.7,392.44,439.87,475.84,435.53,553.37,490.15,423.05,424.67,448.89
1.05,441.85,386.74,432.63,474,431.16,552.44,496.51,422.15,427.27,442.58
1.06,446,382.97,425.41,471.78,427.37,547.59,502.81,421.55,431.16,435.6
1.07,449.82,378.95,417.94,469.47,423.44,548.32,509.58,421.62,435.47,429.33
1.08,454.82,375.38,411,466.44,421.09,546.67,515.4,422.52,441.12,423.39
1.09,459.51,373.1,404.37,462.85,416.34,541.83,524.34,424.54,446.89,420.26
1.1,465.25,371.19,398.51,459.13,414.04,538.33,530.68,426.8,453.13,412.39
1.11,470.29,369.36,392.68,454.91,412.26,535.26,535.7,430.06,460.04,407.1
1.12,475.99,368.58,386.55,450.16,411.03,532.01,542.01,436.72,469.66,402.84
1.13,484.68,368.68,381.32,443.03,409.65,528.57,546,440.48,477.73,399.48
1.14,489.76,369.46,376.6,438.05,411.97,525.2,550.78,445.99,485.81,398.74
1.15,493.54,370.92,372.51,432.89,410.01,521.22,557.44,451.18,493.63,396.81
1.16,501.88,373.27,369.66,427.67,410.29,517.38,560.82,457.49,502.12,395.18
1.17,506.49,376.08,367.49,422.92,411.03,513.93,563.65,464.18,509.91,394.26
1.18,512.82,379.8,368.57,417.53,412.92,510.46,564.37,470.83,518.69,393.8
1.19,518,386.21,365.31,412.54,414.75,507.19,567.83,477.8,525.9,394.43
1.2,523.11,388.35,365.52,407.52,417.07,503.95,567.2,485.37,533.17,395.59
1.21,527.29,393.08,365.18,402.58,419.87,500.45,568.86,492.53,540.09,397.26
1.22,531.2,398.59,366.48,398.79,425.62,497.36,569.03,501.73,546.28,397.5
1.23,534.12,403.8,368.45,394.67,428.97,494.13,564.85,508.84,555.39,400.38
1.24,537.02,410.13,371.27,394.04,433.11,491.82,566.85,515.31,560.79,403.54
1.25,540.3,416.61,374.92,391.1,437.02,490.49,561.29,522.23,566.11,407.54
1.26,541.92,423.48,381.82,388.5,441.27,485.24,561.4,528.83,567.55,412.7
1.27,545.96,430.15,386.61,384.15,445.95,486.83,558.61,535.03,570.73,417.72
1.28,547.12,439.04,391.75,381.84,450.16,483.3,553.69,539.38,576.26,423.67
1.29,545.85,443.41,395.48,380.2,455.16,484.92,547.74,547.95,578.06,431.95
1.3,546.58,449.86,397.36,379.45,460.02,484.77,545.62,550.25,579.44,438.31
1.31,546.18,458.71,406.14,378.9,464.14,482.76,538.54,553.29,579.73,444.59
1.32,541.99,465.4,412.9,382.45,471.79,482.95,534.25,556.5,579.62,451.48
1.33,540.73,470.7,420.73,383.04,474.25,484.4,528.52,562.24,576.32,458.17
1.34,540.2,476.34,427.47,384.73,477.56,485.12,523.25,560.62,576,464.87
1.35,537.54,480.75,435.23,384.92,481.74,486.96,517.27,564.96,573.19,471.64
1.36,532.83,485.71,444.37,386.52,487.16,489.17,512.45,565.42,569.72,477.82
1.37,528.56,489.59,451.63,389.25,490.47,491.58,506.12,565.61,565.55,483.68
1.38,523.97,492.78,458.54,392.05,493.44,493.86,501.06,561.27,558.89,492.53
1.39,520.39,495.23,465.13,396.06,496.07,497.15,493.22,563.06,554.27,497.86
1.4,515.15,497.35,471.19,399.42,498.38,500.19,490.64,557.95,549.64,503.46
1.41,510.5,499.42,476.88,403.64,500.12,503.63,483.53,554.91,543.77,506.74
1.42,505.85,498.6,482.45,406.56,501.85,506.99,479.52,551.52,536.9,511.36
1.43,501.3,498.92,487.55,412.93,502.21,510.84,475.91,547.52,528.49,514.9
1.44,495.88,498.21,491.58,417.48,502.44,515.42,472.22,545.9,521.02,517.83
1.45,491.03,496.37,496.83,422.85,502.34,520.56,469.03,538.08,513.83,519.35
1.46,486.38,494.21,498.4,427.79,501.68,524.49,466.53,533.45,507.83,521.18
1.47,481.93,491.53,501.45,433.13,500.89,528.72,464.76,527.28,500.12,522.21
1.48,475.68,488.33,502.11,438.31,499.62,532.13,463.29,522.3,493.35,523.45
1.49,471.11,484.59,502.77,443.11,497.53,535.71,462.51,515.92,487,523.42
1.5,467.28,480.48,505.79,449.64,495.71,539.62,462.44,509.57,480.38,520.88
1.51,463.79,476.29,502.44,454.74,493.35,542.49,462.89,502.97,474.3,519.49
1.52,460.62,471.1,501.06,459.11,490.67,545.92,463.85,496.72,468.82,516.98
1.53,457.94,466.15,499.59,461.26,487.44,548.1,465.3,491.11,461.22,513.91
1.54,456.07,460.88,499.55,463.97,484.09,550.73,467.49,483.31,456.58,510.79
1.55,453.85,454.98,494.18,468.55,478.29,553.05,469.88,477.16,453.31,506.46
1.56,452.9,449.51,490.52,472.33,474.8,554.74,473.67,471.99,449.97,502.4
1.57,452.68,443.65,485.94,474.83,471.94,556.85,478.99,466.68,447.03,497.8
1.58,452.83,437.75,480.73,476.62,466.93,557.31,483.18,462.55,445.59,492.81
1.59,453.06,432.22,476,477.89,463.58,558.26,484.73,458.3,444.69,487.88
1.6,454.17,426.86,470.53,478.65,459.36,558.68,492.39,454.98,443.99,482.47
1.61,456.09,421.71,464.72,478.9,455.96,558.54,494.42,451.97,444.76,476.5
1.62,457.72,416.18,458.47,478.65,452.12,557.86,502.52,449.64,446.27,468.27
1.63,460.08,412.68,452.68,477.66,448.68,560.06,507.54,448.27,448.07,462.56
1.64,462.71,406.22,446.51,476.33,445.15,559.33,513.73,444.76,450.53,457.07
1.65,466.3,401.83,438.29,474.61,442.42,554.33,518.33,446.49,453.86,451.29
1.66,470,401.71,432.71,473.03,439.62,556.54,524.75,446.55,458.2,446.3
1.67,473.97,399.47,426.06,470.3,435.27,551.02,529.18,447.72,461.96,441.24
1.68,480.95,396.86,420.33,467.49,434.69,549.16,535.51,447.2,467.22,436.69
1.69,485.61,398.13,414.97,463.66,431.16,548.47,538.89,451.29,473.01,432.71
1.7,490.01,397.27,409.74,460.29,431.68,547.12,546.91,454.16,478.83,428.95
1.71,495.04,394.26,405.05,456.32,430.62,541.43,552.04,457.32,487.97,424.79
1.72,499.55,395.32,400.34,452.41,429.91,538.3,553.26,461.37,493.86,422.43
1.73,505.17,397.81,399.74,448.1,427.57,535.4,556.9,466.03,500.67,419.73
1.74,509.76,399.57,396.55,443.82,427.4,532.28,560.11,470.4,507.98,416.13
1.75,514.79,401.02,394.27,439.28,430.6,529.38,565.34,475.48,514.43,415.72
1.76,519.43,401.51,392.3,435.38,431.38,526.25,567.97,481.13,521.57,414.16
1.77,524.09,403.78,391.05,431.03,430.95,523.32,567.26,486.62,527.82,414.02
1.78,528.72,407.3,390.08,425.44,434.51,520.48,570.73,495.48,535.07,416.95
1.79,532.1,411.64,390.21,420.47,436.94,516.9,571.73,498.81,540.71,418.07
1.8,535.96,415.47,390.67,416.89,439.09,514.22,571.79,507.35,546.19,420.2
1.81,539.33,420.47,391.62,412.89,441.96,512.4,571.93,513.53,555.2,419.59
1.82,541.86,425.23,393.24,409.19,445.23,509.97,567.97,519.84,556.63,424.78
1.83,544.64,430.32,395.8,406.22,448.47,507.58,569.72,525.08,564.34,427.98
1.84,549.16,435.77,398.69,403.64,451.89,506.5,564.5,531.03,568.58,431.74
1.85,547.7,443.42,400.02,400.9,455.45,504.26,564.96,536.07,572.16,435.65
1.86,550.92,448.7,403.35,399.7,459.45,503.4,562.26,541.86,575.2,439.85
1.87,552.09,454.41,407.57,398.43,463.01,502.44,559.24,548.83,574.36,444.77
1.88,552.37,459.69,412.5,397.64,466.96,502.24,555.99,549.65,578.61,450.13
1.89,552.27,465.47,417.77,397.94,470.89,502.16,549.94,553.29,579.81,456.99
1.9,548.52,470.21,423.69,396.96,475.03,502.68,545.21,556.45,579.9,460.76
1.91,550.37,475.67,428.71,397.07,479.06,503.22,541.02,562.13,579.76,466.09
1.92,545.56,480.02,434.63,397.7,482.49,503.34,537.5,564.05,576.57,471.34
1.93,546.17,483.97,443.18,398.92,485.98,505.28,531.83,566.34,576.86,476.96
1.94,543.91,488.04,448.93,399.81,489,506.75,527.35,564.3,574.31,484.63
1.95,539.02,491.18,455.54,402.01,492.56,508.84,522.95,564.5,568.89,490.05
1.96,535.84,493.98,461.4,404.54,496.73,510.68,517.88,564.31,564.96,494.62
1.97,533.52,496.46,467.02,407.42,499.14,512.84,513.32,566.33,563.72,499.95
1.98,529.16,498.45,473.2,410.67,501.7,515.48,509.44,561.87,559.49,503.77
1.99,525.26,499.76,477.89,413.98,503.05,519.05,504.86,563.03,551.53,508.83
2,520.87,500.27,483.84,418.57,504.69,521.58,501.07,558.21,549.19,511.98
2.01,517.01,500.96,487.43,421.93,505.53,524.42,497.26,554.59,544.28,514.75
2.02,513.92,500.63,491.16,426.05,506.71,527.91,493.47,550.9,535.64,517.41
2.03,509.39,497.33,495.48,430.13,506.74,530.95,491.01,548.02,531.34,519.55
2.04,505.2,495.56,498.01,434.55,506.59,534.44,488.92,543.57,524.34,521.12
2.05,501.39,494.33,502.63,439.36,506.37,537.48,486.95,538.89,518.01,522.66
2.06,497.75,491.92,504.82,444.33,505.17,540.97,485.53,534.46,513.05,523.05
2.07,494.31,489.54,506.15,447.55,504.04,544.06,484.4,529.72,504.54,523.08
2.08,490.84,487.2,506.79,454.42,502.32,547.07,484.03,524.35,500.7,522.98
2.09,487.49,482.87,504.62,458.41,500.65,550.52,483.74,519.26,495.96,522.51
2.1,484.69,478.81,506.4,462.05,498.56,555.52,484.35,513.45,490.79,520.47
2.11,482.23,474.08,505.35,465.48,496.76,558.31,485.53,508.68,483.88,518.2
2.12,480.07,470,501.43,468.97,494.26,557.53,486.81,503.46,479.75,516.29
2.13,478.74,465.54,499.83,472.15,491.11,563.18,488.83,498.86,477.18,513.19
2.14,477.12,461.17,498.93,474.61,488.38,562.19,491.18,491.99,472.81,510.15
2.15,474.16,454.18,495.93,476.65,485.5,566.62,493.86,489.17,470.29,506.75
2.16,475.88,449.44,490.74,478.98,482.21,564.54,497.07,485.53,468.79,502.99
2.17,476.46,445.68,485.67,480.62,479.08,567.77,500.61,482.3,467.01,499.13
2.18,474.51,439.99,481.22,481.55,476.47,568.95,504.76,476.97,463.88,494.43
2.19,477.43,435.9,476.59,481.9,471.04,569.15,508.58,474.41,463.81,490.12
2.2,478.93,431.31,471.79,482.36,467.72,569.23,513.49,471.54,463.94,485.92
2.21,480.77,427.72,466.82,481.87,464.75,569.09,517.51,469.39,467.86,480.87
2.22,482.93,423.85,461.65,481.2,462.17,566.05,522.29,469.62,467.04,476.18
2.23,485.63,420.75,456.51,480.46,459.56,564.68,527.2,467.74,471.89,472.08
2.24,488.7,417.59,451.14,478.74,457.13,566.56,533.01,467.06,474.86,466.08
2.25,491.94,414.9,445.95,477.07,454.85,561.61,535.89,467.68,478.79,461.15
2.26,495.36,413.18,441.18,475.01,452.93,563.37,543.25,468.86,482.91,457.12
2.27,498.94,411.33,434.15,473.11,451.14,557.91,548.8,470.11,486.91,453.61
2.28,502.72,410.67,429.85,469.83,449.91,559.01,549.77,472.3,491.58,450.7
2.29,506.5,409.7,425.48,466.56,448.82,554.54,553.44,474.86,498.98,447.56
2.3,510.15,409.68,421.67,463.32,448.28,551.13,559.33,477.51,504.87,444.74
2.31,514.79,409.77,417.99,459.87,447.89,548.67,564.16,480.8,510.37,442.41
2.32,519.58,410.53,414.81,456.45,447.84,546.65,564.94,485.08,515.76,440.88
2.33,523.09,412.25,412.38,452.84,448.12,544.33,567.15,491.31,522.02,439.03
2.34,527.41,413.95,410.1,449.22,448.96,541.43,572.5,493.95,527.69,438.3
2.35,531.66,415.67,408.11,445.58,449.97,538.25,573.99,500.34,533.22,437.87
2.36,534.9,418.98,406.99,442.14,451.1,535.61,576.14,505.04,539.99,438.17
2.37,538.34,421.59,406.61,438.67,452.82,533.43,576.77,510.69,544.94,438.77
2.38,541.86,427.25,406.53,435.53,454.45,530.85,575.2,515,549.79,440.1
2.39,544.48,431.42,407.19,431.21,456.81,528.03,574.97,520.6,557.16,441.77
2.4,549.67,435.15,407.93,426.86,459.31,527.26,575,525.33,562.37,443.84
2.41,552.52,439.25,409.82,424.53,464.2,524.32,576.43,530.37,566.23,445.83
2.42,551.49,443.48,411.59,421.31,466.93,522.77,575.11,538.41,568.04,448.37
2.43,556.19,448.31,414.49,419.22,469.85,521.17,573.88,539.57,571.47,451.2
2.44,555,453,417.56,417.31,472.72,519.89,568.46,546.39,576.48,454.53
2.45,557.68,457.18,420.72,415.46,475.99,519.12,568.92,551.17,579.18,460.36
2.46,558.46,462.45,424.82,414.84,479.25,519,566.27,555.03,579.58,464.87
2.47,558.99,466.72,429.1,413.51,482.49,518.38,562.77,558.35,582.28,468.95
2.48,556.81,470.9,433.54,413.34,485.95,518.55,559.73,561.39,583.05,473.42
2.49,555.02,477.71,438.14,413.1,489.27,518.62,556.34,563.9,583.4,477.93
2.5,556.73,482.51,443.16,413.41,492.19,519.61,552.94,563.97,582.65,482.03
2.51,555.06,484.19,447.69,413.99,495.09,519.35,546.38,567.54,581.02,486.49
2.52,551.7,489.24,453.14,415.54,498.28,520.99,542.45,569.09,580.45,489.2
2.53,548.86,492.41,458.88,417.08,500.71,523.44,538.29,569.46,576.23,495.26
2.54,546.65,494.99,465.66,418.53,502.92,524.06,534.36,569.69,575.31,499.65
2.55,544.08,497.64,470.16,420.89,505.4,526.55,530.17,569.63,572.5,503.23
2.56,543.09,499.75,476.06,423.6,507.32,528.41,526.36,569.29,568.94,507.01
2.57,539.32,501.52,479.94,426.76,509.14,530.31,522.71,564.53,565.32,510.87
2.58,535.26,503.05,484.41,429.25,510.12,533.54,519.27,566.33,558.68,514.21
2.59,532.01,503.42,489,432.49,511.5,535.72,515.75,561.14,556.97,516.99
2.6,528.6,503.72,492.63,435.93,513.08,538.27,512.75,558.25,551.45,519.62
2.61,524.98,503.03,496.14,439.3,513.08,541,510.57,557.95,545.64,521.96
2.62,521.36,502.37,499.19,443.07,513.13,543.86,506.43,554.94,542.57,523.56
2.63,517.67,501.63,501.23,448.6,512.76,546.83,503.47,551.74,535.13,524.73
2.64,514.6,499.98,503.64,452.4,512.69,552.59,502,545.18,530.56,526.24
2.65,511.17,497.7,504.62,455.99,511.88,553.52,501.41,540.92,525.36,526.89
2.66,509.01,495.93,506.17,459.79,510.65,558.09,499.51,539.45,520.21,526.54
2.67,506.21,493.17,506.37,463.44,509.72,559.41,502.22,533.4,516.43,526.28
2.68,503.82,490.47,506.44,466.73,507.95,560.62,501.19,528.67,511.13,525.55
2.69,501.14,487.44,506.03,469.83,506.7,565.86,499.85,524.57,506.7,523.65
2.7,499.2,483.83,504.85,472.94,504.43,568.4,500.81,520.24,503.18,523.52
2.71,497.6,480.26,503.57,475.93,502.37,568.21,501.93,516.03,500.28,520.32
2.72,496.34,476.2,501.41,478.39,500.4,572.47,507.13,512.44,497.43,517.91
2.73,495.46,473.03,500.03,480.45,497.6,571.56,506.14,508.65,492.04,515.58
2.74,494.67,469.02,499.13,482.59,495.17,574.97,508.5,504.78,491.48,512.68
2.75,494.62,465.47,494.23,484.16,492.95,576.26,514.21,501.49,488.28,509.66
2.76,494.94,461.3,491.45,485.53,490.54,577.35,516.83,498.29,487.18,506.01
2.77,495.41,457.46,487.42,486.81,488.13,575.22,520.42,495.83,486.59,502.6
2.78,496.17,454.02,484.12,489.22,485.77,576.14,524.22,493.76,486.52,498.95
2.79,497.74,450.55,479.57,489.09,482.95,575.22,527.75,491.55,486.96,495.56
2.8,499.04,447.26,475.66,486.98,480.71,575.88,531.95,490.54,487.92,491.82
2.81,500.83,444.12,471.38,486.61,478.42,577.03,535.45,489.19,489.39,487.59
2.82,503.41,441.25,466.81,486.71,476.58,576.52,539.7,489,491.35,484.12
2.83,505.96,439.67,463.09,484.38,474.25,573.08,544.09,488.95,494.01,481.02
2.84,508.69,435.06,458.78,484.66,472.7,573.51,550.6,489.19,497.29,476.21
2.85,511.58,433.05,454.66,480.72,471.1,572.56,554.78,490.13,501.61,474.55
2.86,514.65,432.04,448.64,481.25,469.87,567.89,558.84,491.85,507.28,468.94
2.87,517.86,430.75,445.72,478.86,469.05,568.6,560.45,493.44,511.91,468.85
2.88,521.39,430.17,441.06,476.59,466.17,567.16,565.46,496,513.61,465.14
2.89,525.62,430.15,437.9,471.46,465.8,561.98,569.15,498.72,517.85,462.05
2.9,529.11,430.26,435.31,468.88,465.6,560.49,572.36,501.57,523.88,460.28
2.91,532.21,430.9,432.69,466.39,465.44,560.5,575.17,504.98,529.8,458.84
2.92,535.27,431.85,430.32,463.1,466.76,554.64,574.48,508.56,535.26,457.93
2.93,538.54,433.59,429.16,460,467.11,555.82,579.41,512.31,539.48,457.42
2.94,541.83,435.01,427.57,456.9,467.38,550.61,578.03,516.14,545.82,456.79
2.95,544.95,437.58,426.22,453.78,468.03,547.96,581.9,521.05,549.19,457.04
2.96,547.51,440.12,426.17,450.83,470.65,547.48,582.85,525.07,557.58,458
2.97,553.11,442.93,426.47,448.05,471.06,543.96,583.22,530.06,559.73,459.6
2.98,555.85,446.78,427.12,445.49,475.54,542.22,583.48,533.49,563.57,460.59
2.99,555.61,450,428.11,442.65,476.87,540.72,583.23,538.08,568.12,463.57
3,559.92,453.65,429.4,440.58,480.06,538.8,582.48,544.61,573.56,464.44
3.01,561.67,456.85,431.48,438.48,482.49,536.73,580.85,548.98,577.29,466.56
3.02,563.39,460.58,433.29,436.78,484.68,537.73,580.31,549.97,578.66,469.4
3.03,563.85,464.45,435.76,434.75,487.25,534.83,575.71,553.77,582.73,474.85
3.04,564.76,470.72,439.17,434.15,489.81,534.26,575.92,557.47,584.88,475.92
3.05,565.39,474.89,442.71,430.71,492.61,534.14,573.96,560.53,586.52,481.07
3.06,565.25,478.67,446.7,432.09,494.87,533.57,568.31,563.54,587.64,484.85
3.07,564.99,482.47,452.28,431.98,498.45,533.32,565.93,568.81,588.24,488.61
3.08,564.1,486.13,453.74,431.29,500.86,533.66,565.18,570.9,588.33,492.58
3.09,563.53,489.42,458.92,430.43,503.21,533.85,559.37,572.93,587.9,496.39
3.1,562.18,492.58,463.95,430.77,506.04,535.25,558.64,573.91,586.96,500.04
3.11,560.68,495.14,468.65,434.75,508.32,536.48,554.34,575.43,585.47,503.28
3.12,558.82,497.99,472.78,433.59,510.14,537.4,551.52,576.03,583.69,506.72
3.13,557.14,500.02,476.9,435.11,512.72,539.15,546.42,576.09,581.08,510.13
3.14,552,502.36,481.02,436.77,513.77,540.24,543.38,575.86,578.84,513.82
3.15,552.02,503.96,485.15,438.81,516.21,545.49,539.9,575.23,575.51,516.96
3.16,549.46,505.18,489.37,442.92,516.97,544.46,536.63,571.07,571.32,519.66
3.17,546.74,506.29,492.58,443.85,518.57,546.94,533.26,572.79,567.71,522.81
3.18,544.11,506.93,497.76,447.19,519.96,552.12,530.67,567.77,562.77,525.74
3.19,539.02,506.54,501.85,449.94,519.93,551.73,527.96,568.17,558.61,527.29
3.2,535.92,506.64,501.86,452.41,520.08,553.7,526.27,565.82,554.68,528.91
3.21,532.77,505.95,504.24,457.68,520.47,559.27,524.37,563.46,550.6,529.63
3.22,530.01,505.37,508.52,458.78,520.52,561.87,522.27,558.04,546.09,533.41
3.23,527.23,504.04,510.27,462.08,520.13,564.62,521.83,554.39,541.76,531.8
3.24,524.36,502.34,511.99,466.87,520.26,564.23,520.72,550.81,537.55,532
3.25,523.88,500.53,512.31,468.63,519.5,569.47,520.15,548.15,534.04,532.05
3.26,522.16,498.07,512.96,473.11,517.9,572.07,519.96,546.33,529.71,531.68
3.27,517.44,496.08,512.61,476.06,516.67,571.3,519.83,542.71,525.73,531.69
3.28,516.07,493.52,512.52,478.88,515.79,576.4,520.69,539.13,520.02,530.4
3.29,513.01,490.79,510.48,481.09,513.6,578.29,521.44,535.44,518.86,528.45
3.3,512.37,487.84,507.97,483.55,512.52,580.24,522.99,530.91,514.13,526.95
3.31,511.34,485.13,508.08,485.66,510.41,581.79,524.46,526.7,514.58,525.14
3.32,510.18,482.03,504.18,487.38,508.71,583.51,526.41,522.98,509.48,522.73
3.33,509.98,478.98,504.34,489.22,506.89,583.88,529.27,520.03,511.18,520.35
3.34,509.95,475.52,500.45,490.03,504.41,585.37,531.25,516.94,507.33,517.76
3.35,510.08,472.2,497.38,491.33,502.49,586.09,533.78,516.89,506.19,515.18
3.36,510.49,469.44,494.11,491.87,500.82,586.66,536.67,513.01,509.18,512.68
3.37,511.72,465.33,490.84,492.26,498.73,586.86,539.69,511.1,507.4,509.55
3.38,512.78,460.74,487.62,492.31,496.84,586.92,543.35,509.25,506.89,506.65
3.39,513.46,458.41,484.1,491.99,494.89,586.61,546.59,508.41,510.92,503.53
3.4,515.54,457,479.86,491.45,493.37,586.15,550.02,507.28,509.66,500.6
3.41,517.38,454.38,474.85,491.23,491.58,585.32,553.46,506.83,514.49,497.7
3.42,519.44,451.96,471.36,490.05,490.45,584.26,556.87,507.13,516.58,494.5
3.43,523.11,451.23,468.33,488.68,488.6,583.51,560.48,507.79,518.18,492.12
3.44,524.82,449.2,464.62,487.4,487.77,581.91,563.86,508.65,522.01,489.51
3.45,527.91,448.34,461.7,485.26,486.71,580.82,569.09,509.33,525.4,487.03
3.46,530.95,447.42,458.7,483.81,485.8,578.9,572.59,511.44,529.13,485.16
3.47,534.28,447.01,456.36,481.57,485.24,577.21,575.74,513.09,533.25,482.95
3.48,538.62,447.16,453.34,479.38,485.04,575.28,578.58,515.09,537.32,481.94
3.49,541.5,447.48,451.04,476.8,485.02,573.96,580.78,519.02,541.84,480.76
3.5,543.26,447.86,449.34,474.19,485.14,569.12,583.28,521.72,546.04,479.26
3.51,546.03,449.45,447.33,471.76,485.63,570.03,585.25,524.84,549.51,478.72
3.52,548.56,450.52,446.26,469.54,486.34,564.99,586.6,527.71,553.59,478.33
3.53,551.18,452.87,445.57,467.16,486.81,565.81,588.24,530.87,560.93,478.33
3.54,556.37,454.06,444.75,464.53,487.6,561.41,589.33,534.58,564.86,478.4
3.55,558.84,456.58,445.18,462.27,488.92,561.66,590.07,540.32,569.38,477.84
3.56,560.82,461.3,444.68,460.23,490.67,560.14,590.48,544.3,570.64,477.41
3.57,563.51,463.83,445.52,457.92,492.21,558.75,590.54,548.08,575.45,478.84
3.58,565.43,466.76,446.53,456.25,493.71,554.13,590.25,551.94,577.4,482.83
3.59,567.17,469.94,447.64,454.11,495.58,556.34,589.62,555.43,582.96,485.09
3.6,568.78,470.4,449.56,452.56,497.64,552.14,588.65,557.01,585.77,487.13
3.61,570.07,475.79,451.16,450.92,499.68,550.41,587.3,560.65,588.26,489.27
3.62,570.78,479.23,453.72,450.06,501.94,552.92,585.84,565.51,590.18,492.19
3.63,571.36,482.67,456.4,449.18,503.98,552.37,583.75,568.89,592.02,495.16
3.64,571.56,486.13,459.76,448.45,506.19,550.76,581.91,571.5,593.08,497.69
3.65,571.64,489.39,461.99,448.06,508.67,549.31,579.76,573.93,594,500.59
3.66,571.1,492.73,467.4,448.02,510.48,549.66,577.24,576.2,594.6,503.7
3.67,570.84,495.41,470.61,448.34,512.94,549.59,572.59,578.38,594.72,506.55
3.68,570.04,498.77,474.2,448.85,515.05,553.26,571.84,579.78,594.03,510.04
3.69,568.86,501.4,478,449.3,516.67,551.18,569.09,581.01,593.47,513.13
3.7,567.51,503.66,481.61,450.31,519.28,551.42,566.64,582.16,592.15,516.22
3.71,566.02,505.72,485.22,451.47,520.06,553.93,561.83,582.56,590.49,519.29
3.72,564.15,507.91,488.8,453.02,523.15,554.14,557.96,582.62,588.45,522.71
3.73,562.09,509.09,492.66,454.5,523.53,556.82,555.7,582.37,586.3,524.92
3.74,560.33,510.46,495.95,456.58,524.88,556.93,555.09,581.8,583.96,527.33
3.75,555.9,511.97,499.11,458.4,526.59,562.01,553.09,578.72,578.24,529.79
3.76,555.06,512.56,501.32,460.79,527.07,561.04,547.58,579.65,576.66,531.88
3.77,552.88,512.51,507.2,463.39,527.79,563,545.56,576.11,572.93,533.79
3.78,550.63,512.93,506.69,465.79,528.36,567.51,546.47,575.92,568.66,535.43
3.79,545.62,512.78,512.32,468.18,528.53,567.44,541.12,573.48,565.44,538.02
3.8,542.89,512.52,510.91,470.75,528.68,572.24,542.59,571.3,561.8,537.91
3.81,542.84,511.78,515.89,473.31,529.18,571.47,541.11,568.71,558.38,538.52
3.82,540.98,510.09,513.52,476.06,528.49,576.54,537.33,566.22,554.74,539.69
3.83,535.69,508.04,517.96,478.86,527.75,578.69,537.06,563.37,551.3,541.37
3.84,535.33,507.34,518.78,481.26,527.46,580.04,539.07,558.61,547.82,541.04
3.85,533.84,505.47,518.58,483.6,526.74,583.11,539.12,554.54,544.47,539.18
3.86,531.97,503.7,518.63,486.66,526.41,583.67,537.33,551.21,541.69,538.27
3.87,529.96,498.92,518.34,488.24,524.64,586.49,537.14,548.23,539.19,537.62
3.88,527.26,499.69,518.01,492.9,523.13,587.57,538.18,545.4,535.88,538.53
3.89,526.93,497.11,514.66,492.83,522.85,589.61,540.77,544.64,534.21,534.75
3.9,525.1,494.75,513.31,496.61,520.65,590.61,540.09,542.11,532.06,535.26
3.91,523.96,490.15,511.48,495.8,519.55,591.85,545.18,537.84,530.44,531.75
3.92,523.52,489.85,512.49,498.94,517.56,592.94,543.62,534.11,529.43,530.13
3.93,523.89,484.45,508.13,500.39,516.43,593.65,548.81,534.28,528.12,527.64
3.94,523.98,483.98,505.52,501.3,514.63,594.2,551.52,530.37,527.5,525.8
3.95,524.38,481.77,503.16,501.85,513.53,594.57,551.76,528.65,527.62,523.7
3.96,527.4,479.55,500.43,502.52,511.56,594.78,553.86,526.69,528.16,520.47
3.97,526.82,475.14,497.5,500.1,510.21,594.84,556.59,526.7,528.42,518.1
3.98,527.95,476.21,494.58,502.14,508.66,594.46,562.31,525.3,529.12,517.01
3.99,529.43,474.1,491.6,501.65,507.01,594.38,565.2,523.94,531.04,513.61
4,533.15,472.4,489.02,500.91,506.23,593.75,568.32,523.71,532.68,511.12
4.01,533.22,470.39,486.51,500.75,504.75,592.75,571.27,523.81,534.94,509.28
4.02,534.97,469.31,483.36,499.15,504.14,591.48,574.31,524.34,536.84,506.99
4.03,539.36,468.65,480.56,497.94,502.83,590.68,574.76,526.29,539.94,505.1
4.04,542.09,467.74,478.15,496.81,502.29,589.6,579.46,526.23,542.98,503.15
4.05,542.11,467.13,475.98,495.04,501.95,587.53,582.67,527.95,546.5,501.61
4.06,544.08,467.3,471.56,493.81,501.55,586.81,585.11,529.56,549.31,500.01
4.07,549.64,467.36,469.45,491.18,501.55,585.03,587.34,532.07,552.92,498.75
4.08,552.19,468.41,467.68,490.49,501.5,583.69,589.67,533.55,556.33,497.87
4.09,555.3,469.27,466.33,488.53,501.87,582.14,591.38,536.63,561.56,497.15
4.1,555.38,470.13,464.69,485.55,501.99,580.62,593.19,541.37,563.54,496.61
4.11,558.5,470.9,463.78,484.74,502.51,578.87,594.4,544.06,567.35,496.2
4.12,562.91,472.44,462.96,480.42,502.92,577.32,595.66,547.16,570.99,496.37
4.13,565.37,473.92,465.15,479.16,504.1,575.83,596.55,550.28,574.11,496.42
4.14,567.37,475.93,463.06,476.85,505.48,573.79,597.33,553.25,580.04,497.52
4.15,569.87,478.39,464.25,475.11,506.85,573.13,597.56,555.86,581.21,497.94
4.16,571.79,480.38,463.96,473.56,508.23,569.21,597.39,558.21,586.51,499.37
4.17,573.56,482.96,464.28,471.96,509.55,570.15,597.3,560.88,589.69,498.52
4.18,574.94,485.54,468.18,470.78,511.27,569.35,596.68,564.08,592.3,501.77
4.19,576.4,488.11,467.72,469.33,512.99,568.43,595.67,567.52,594.79,503.85
4.2,577.29,490.69,471.44,468.5,514.68,564.74,594.5,572.45,596.74,505.72
4.21,578.01,493.27,472.62,467.39,516.52,566.77,593.18,575.45,598.35,507.73
4.22,578.55,495.82,475.37,466.85,518.89,566.6,591.43,578.15,599.58,510.11
4.23,578.92,498.6,478.17,466.46,520.06,566.4,590,578.32,600.71,512.64
4.24,579.18,501.2,480.5,466.44,523.07,566.37,587.7,582.42,601.25,515.54
4.25,578.92,503.61,483.43,466.61,523.84,566.54,585.87,584.37,601.66,518.76
4.26,578.01,506.01,486.3,466.76,526.85,567,583.66,585.97,601.72,520.94
4.27,577.58,508.52,489.69,467.06,527.78,564.94,581.19,587.17,601.43,523.47
4.28,576.6,510.16,491.97,467.68,529.5,566.37,579.16,588.47,600.8,526.41
4.29,575.2,512.55,495.28,468.93,531.24,568.78,577.27,589.21,599.83,529.24
4.3,574.08,513.63,498.1,469.74,532.87,570.07,572.3,589.62,598.52,531.45
4.31,572.36,515.9,501.91,470.9,533.85,570.58,572.27,589.67,596.82,533.78
4.32,570.67,516.51,503.75,472.44,535.06,572.39,570.38,589.39,594.96,536.94
4.33,568.77,517.56,509.01,473.94,537.58,573.53,565.36,588.76,592.96,537.99
4.34,567.16,520.1,512.25,475.88,539.81,575.05,566.07,587.73,590.63,541.84
4.35,563.07,520.35,514.37,477.31,537.91,576.77,560.95,586.78,587.62,542.51
4.36,562.61,519.98,515.93,479.79,538.54,578.49,562.4,585.26,585.27,544.81
4.37,560.85,519.71,518.89,481.66,539.44,580.15,557.63,583.57,582.54,544.87
4.38,556.3,520.22,520.13,483.72,541.57,582.3,559.25,581.71,579.59,548.99
4.39,556.43,521.18,522.55,485.78,541.97,583.73,556.58,579.76,576.89,547.99
4.4,552.8,518.62,523.53,487.72,542.03,586.08,553.91,576.89,574.14,547.91
4.41,551.91,517.11,524.98,490.84,541.95,587.51,555.96,574.85,568.46,548.45
4.42,550.34,516.75,525.95,492.07,539.7,589.87,555.59,572.73,566.25,548.88
4.43,545.67,515.23,526.15,496.07,538.78,591.35,555.39,570.09,565.24,548.73
4.44,546.82,513.43,526.17,498.35,538.19,593.31,555.33,564.79,563.23,548.39
4.45,542.8,512.35,526,500.24,538.08,594.85,555.98,564.38,557.62,547.8
4.46,543.11,510.24,525.88,502.19,539.33,596.46,554.1,562,557.9,549.36
4.47,542.83,508.54,525.45,503.71,536.14,597.69,554.15,559.84,556.66,548.71
4.48,539.1,506.65,524.57,505.48,534.64,598.69,557.94,553.81,551.04,544.56
4.49,538.49,504.78,522.27,506.88,535.81,599.93,559.12,554.34,552.86,546.38
4.5,540.11,502.71,522.17,508.13,533.29,601.02,560.38,552.72,551.81,541.69
4.51,539.91,500.65,518.46,509.04,531.36,601.71,562.5,547.02,547.87,543.14
4.52,539.88,498.56,518.32,509.51,531.18,602.43,564.19,548.48,547.53,538.31
4.53,540.11,496.67,516.99,510.42,529.85,602.97,566.03,543.58,547.13,539.32
4.54,540.04,494.77,512.33,510.96,527.87,603.35,568.55,544.9,547.08,534.96
4.55,538.56,492.83,510.48,511.3,528.13,603.55,568.49,541.25,547.37,533.72
4.56,541.98,491.31,508.3,511.75,526.41,603.58,572.65,539.98,547.62,531.43
4.57,543.31,489.51,505.64,511.41,524.59,603.44,575.48,542.03,551.71,529.61
4.58,541.72,488.31,503.65,511.11,523.27,603.15,577.95,541.66,550.7,527.15
4.59,546.21,487.08,501.04,510.43,524.62,602.43,578.23,541.4,551.82,525.03
4.6,544.73,486.05,498.53,509.76,522,601.98,582.84,541.75,554.74,523.37
4.61,549.41,484.96,496.91,508.88,520.89,601.12,585.28,542.42,558.14,521.2
4.62,551.6,484.25,494.43,508.24,520.33,600.29,587.48,539.88,557.33,519.85
4.63,550.89,483.74,492.56,507.21,520.13,599.26,589.95,543.62,562.71,518.32
4.64,555.71,483.12,490.49,506.2,520.13,598.22,591.98,545.58,565.26,516.34
4.65,558.26,483.27,488.31,505,520.13,597.22,594.28,543.67,567.98,516.65
4.66,557.9,483.57,487.13,503.82,520.1,596.02,596.17,548.66,571.21,514.41
4.67,562.93,484.21,485.75,502.42,520.33,594.81,598.15,550,571.9,513.42
4.68,565.2,485.24,484.28,501.24,520.13,593.61,599.52,549.6,574.68,513.45
4.69,567.17,486.27,483.54,500.19,520.02,592.4,600.96,555,579.95,513.25
4.7,569.84,487.3,483.17,496.22,520.66,591.2,602.02,557.66,583.24,513.22
4.71,571.93,488.24,483,494.72,521.48,590.02,602.91,558.29,586.37,513.39
4.72,573.76,489.98,482.42,496.2,524.36,588.59,603.66,560.11,589.29,513.51
4.73,576.11,491.5,485.9,492.14,523.46,587.59,604.03,565.14,592.27,513.98
4.74,577.6,493.17,483.05,493.59,523.84,586.35,604.24,568.69,594.88,514.76
4.75,579.58,495.21,483.76,489.98,527.01,585.32,604.3,571.44,597.31,516.21
4.76,580.93,497.44,484.16,488.8,526.8,584.2,603.95,574.25,599.58,516.89
4.77,582.53,499.65,485.49,490.72,528.15,583.71,603.7,576.6,601.67,519.11
4.78,583.82,502.09,487.25,488.13,529.72,583,602.84,579.35,603.59,519.81
4.79,584.51,504.35,488.58,486.83,531.04,582.45,601.98,582.16,605.37,523.46
4.8,585.23,506.41,490.23,486.29,532.81,582.11,601.18,584.65,606.81,523.89
4.81,585.8,508.47,492.44,485.88,534.14,581.73,600,586.45,607.87,526.37
4.82,586.03,510.51,494.59,486.07,535.59,581.5,598.66,588.98,608.79,528.21
4.83,585.86,512.72,499.19,486.05,539.7,581.65,597.11,590.7,609.37,530.39
4.84,585.75,515.23,499.93,486.2,538.09,581.96,595.59,592.5,609.57,533.08
4.85,585.32,516.82,501.49,486.49,542.82,582.48,593.9,593.71,609.63,534.86
4.86,584.17,519.65,503.94,487.18,541.06,582.96,592.01,594.97,609.32,537.41
4.87,583.94,520.1,509.08,487.79,545.02,583.68,590.11,595.89,608.86,540.33
4.88,583.41,524.33,511.71,489.09,546.83,584.08,588.22,596.44,608.09,541.99
4.89,578.55,523.53,513.89,489.49,544.67,585.28,586.36,596.84,606.71,543.7
4.9,580.42,524.98,516.45,490.89,548.69,586.57,584.17,596.93,605.37,548.73
4.91,578.9,525.9,519.27,492.04,550.16,587.15,583,596.41,603.85,547.65
4.92,577.21,526.33,521.51,493.27,548.03,588.52,580.1,595.96,602.16,552.72
4.93,575.28,527.34,523.77,497.6,548.56,589.93,579.61,595.13,600.3,551.51
4.94,573.88,528.62,525.86,497.32,551.87,591.04,577.58,594.12,598.23,556.04
4.95,569.64,529.28,527.8,499.19,552.38,592.85,576.57,592.95,596.2,554.49
4.96,570.21,530.51,529.3,501.4,552.95,593.96,575.48,591.6,593.99,558.32
4.97,567.86,528.83,531.29,502.13,553.15,595.71,573.3,590.11,591.55,559.43
4.98,566.62,528.2,532.52,505.45,553.15,597.26,573.16,588.19,589.31,560.28
4.99,562.67,527.14,533.56,506.97,553.18,598.78,572.9,586.59,587.13,558.37
5,562.89,526.25,534.69,508.8,553.04,600.56,571.87,584.09,584.46,558.92
5.01,558.34,525.7,535.01,509.6,552.75,601.9,572.07,582.25,582.4,560.83
5.02,559.96,524.15,535.55,512.46,552.36,603.48,572.04,580.1,580.39,560.23
5.03,555.39,522.47,535.95,512.97,549.51,604.88,572.19,577.18,577.86,558.91
5.04,556.73,521.99,536.06,514.93,548.54,606.06,572.5,575.57,576.46,558.09
5.05,555.93,519.82,535.34,516.31,548.14,607.49,573.13,573.16,572.19,559.83
5.06,555,518.52,534.83,517.71,549.7,608.56,572.62,570.64,572.87,559.08
5.07,551.3,516.42,534.34,519.04,549.06,609.39,574.62,569.37,571.24,557.64
5.08,553.55,516.22,533.84,519.26,544.82,610.48,576.2,564.08,568.52,554.99
5.09,553.18,513.4,531.73,520.49,546.75,611.2,574.36,565.33,569.46,555.97
5.1,552.98,512.52,531.38,521.65,546.3,611.71,578.55,560.58,568.52,551.67
5.11,552.92,510.38,529.83,521.77,542.45,612.26,579.84,562.2,568.34,553.1
5.12,553.52,508.86,528.3,522.44,541.24,612.6,581.76,557.6,566.83,548.4
5.13,552.12,507.09,526.61,522.08,543.29,613.01,583.42,559.14,565.88,549.83
5.14,551.62,505.71,524.82,520.27,540.12,613.01,585.48,558.28,568.15,545.13
5.15,555.02,504.31,522.03,520.19,538.64,613.04,587.54,557.73,569.12,546.61
5.16,556.61,503.08,520.9,522.39,537.63,612.87,589.61,554.58,569.04,541.49
5.17,554.61,501.95,519.24,522.22,539.49,612.76,591.64,554.18,570.75,543.14
5.18,558.78,501.65,517.12,522.15,537.77,612.21,593.9,554.13,572.67,538.23
5.19,560.1,500.99,515.73,521.29,535.86,611.9,595.97,554.06,572.82,539.79
5.2,561.79,500.1,511.13,520.59,535.34,611.41,598.03,557.31,575.74,535.5
5.21,563.71,499.32,511.81,518.33,534.75,610.75,600.15,558.51,577.34,536.7
5.22,565.4,499.29,509.79,519.08,534.75,609.89,601.84,556.91,579.81,534.01
5.23,567.26,499.46,509.14,518.31,534.75,609,603.82,557.73,581.87,531.93
5.24,569.35,499.61,504.89,515.11,534.72,608.34,605.14,562.06,583.82,531.22
5.25,571.21,499.93,505.86,515.29,534.95,607.51,606.95,560.36,586.63,530.75
5.26,573.28,500.42,504.93,515.77,534.69,606.48,608.15,565.31,589,529.87
5.27,575.37,501.08,501.1,513.95,535.04,605.39,609.35,565.11,591.58,529.1
5.28,577.23,501.92,503.65,511.16,535.33,604.73,610.65,568.95,594.16,528.9
5.29,579.38,502.92,500.77,511.51,535.7,603.9,611.34,571.47,596.77,528.87
5.3,580.84,504.08,499.9,510.78,538.74,602.81,612.06,571.36,599.17,529.05
5.31,582.99,505.68,501.99,507.18,539.95,602.15,612.57,575.97,601.58,529.11
5.32,584.48,506.68,502.58,507.55,538.23,601.23,613.15,578.38,604.05,529.97
5.33,586.49,509.56,502.86,507.92,538.71,600.74,613.35,580.81,606.11,530.86
5.34,587.66,509.59,500.59,506.95,542.65,600.03,613.41,582.96,608.2,531.41
5.35,589.07,513.96,501.1,503.49,541.29,599.48,613.07,585.82,610.15,532.77
5.36,590.36,513.15,502.87,505.93,541.92,599.14,612.76,587.89,611.7,536.06
5.37,591.05,517.92,505.87,505.44,546.29,598.76,612.24,589.89,613.31,534.68
5.38,591.76,517.38,506.75,505,544.32,598.59,611.75,592.39,614.54,539.16
5.39,592.31,519.51,509.2,502.24,548.29,598.36,611.13,594.28,615.61,537.71
5.4,592.68,522.8,508.02,502.19,550.05,598.56,610.1,596.2,616.5,542.57
5.41,592.88,522.79,512.3,502.61,548.25,598.5,609.09,597.95,617.25,541.3
5.42,592.91,527.38,513.92,502.39,552.8,598.87,607.92,599.52,617.62,546
5.43,592.8,526.6,516.35,502.48,551.11,598.99,606.51,600.93,617.82,547.99
5.44,592.28,531.04,518.69,503.07,554.42,599.5,605.34,602.19,617.85,547.36
5.45,591.8,529.87,520.08,504.32,556.64,599.96,603.96,603.08,617.74,552
5.46,591.11,534.37,522.74,506.78,554.49,600.85,602.59,603.8,617.29,550.92
5.47,590.48,532.84,524.77,507.39,558.32,601.51,601.21,604.38,616.43,555.93
5.48,589.51,536.7,527.06,508.7,559.43,602.34,599.83,604.58,615.6,555.12
5.49,588.04,537.63,528.87,509.11,560.23,603.37,598.43,604.61,614.57,559.54
5.5,587.3,536.45,531.2,510.24,558.35,604.4,597.22,604.5,613.6,558.79
5.51,585.72,537.55,534.44,512.4,561.64,605.4,595.99,604.01,612.25,562.9
5.52,584.35,539.68,534.79,510.48,562.36,606.57,594.95,603.35,610.73,561.51
5.53,583.06,540.03,539.73,514.37,562.87,607.98,593.92,602.52,609.01,565.51
5.54,581.05,540.4,537.91,516.19,563.44,609.15,592.86,601.49,607.29,567
5.55,580.02,540.62,542.62,517.04,563.64,610.56,592,600.52,605.57,565.97
5.56,577.52,540.48,541.44,519.43,563.64,611.76,591.08,599.14,603.88,568.83
5.57,576.98,540.13,542.53,520.5,563.64,612.93,590.56,597.77,601.96,569.75
5.58,575.4,539.92,544.7,522.8,563.64,614.4,589.99,596.42,600.27,570.29
5.59,573.99,538.83,544.87,523.16,563.7,615.17,589.82,594.9,598.31,570.67
5.6,572.82,536.56,544.96,524.73,563.36,616.58,589.62,593.18,596.79,570.87
5.61,571.35,537.59,545.7,526.11,563.07,617.84,589.59,591.46,595.01,570.9
5.62,570.49,534.62,546.1,527.54,562.35,618.64,589.7,589.74,593.64,570.75
5.63,569.66,532.92,546.15,528.57,562.23,619.87,590.24,587.99,592.26,570.41
5.64,568.6,534.2,545.81,529.52,558.88,620.97,590.53,586.53,590.83,570.12
5.65,567.97,530.78,545.49,531.2,558.29,621.66,591.16,584.35,589.76,569.46
5.66,565.11,529.75,544.68,531.86,559.8,622.31,592.19,583.03,588.93,568.83
5.67,566.91,528.87,546.38,532.78,559.45,623.2,593.22,581.25,587.81,566.17
5.68,566.91,526.36,546.16,533.29,556.44,623.95,594.19,579.84,587.24,566.77
5.69,566.88,527.91,542.11,533.67,554.79,624.3,595.57,578.87,587.07,565.59
5.7,567.08,523.82,540.92,535.29,556.76,624.64,596.95,575.8,586.86,564.16
5.71,567.06,523.46,542.91,535.09,556,625.05,598.26,576.32,586.86,563.18
5.72,567.09,521.94,538.75,535.12,553.03,625.05,600.01,575.63,586.81,561.83
5.73,568.12,519.77,537.4,534.89,551.16,625.05,601.56,574.91,587.09,560.23
5.74,569.18,521.55,535.77,535.12,553.26,625.08,603.07,574.37,587.75,559.39
5.75,570.07,518.79,534.95,534.95,552.57,624.91,604.82,573.96,588.58,555.28
5.76,570.64,517.28,532.35,534.72,552.25,624.77,606.37,573.94,589.58,556.33
5.77,572.02,516.71,531.18,535.05,548.93,624.45,607.89,574.05,590.76,555.06
5.78,573.42,516.34,529.85,534.22,548.34,623.94,609.61,574.57,592.1,551.12
5.79,574.54,517.75,528.11,533.13,548.09,623.45,611.36,575.02,593.65,552.65
5.8,576.37,517.73,526.5,532.42,549.91,622.73,612.9,576.11,595.14,548.99
5.81,577.23,516.29,525.38,531.93,549.74,622.22,614.48,575.08,597.03,547.8
5.82,579.41,516.58,523.55,531.27,549.54,621.73,615.86,577.89,598.89,549.33
5.83,580.7,517.25,522.52,530.41,549.54,621.08,617.26,579.12,600.95,548.8
5.84,582.67,518.5,521.49,529.57,549.51,620.22,618.47,579.98,603.01,545.49
5.85,583.93,516.44,520.46,528.49,549.74,619.35,619.7,582.19,605.08,544.92
5.86,586.11,516.9,519.37,527.8,549.79,618.46,620.76,583.22,607.14,544.7
5.87,587.43,517.4,518.58,527.14,547.94,617.78,621.62,585.6,609.2,544.95
5.88,589.18,521.34,518.66,526.28,548.23,617.12,622.52,586.86,611.27,544.55
5.89,590.73,519.77,518.06,525.47,548.53,616.2,623.23,588.95,613.39,544.5
5.9,592.3,520.67,518.04,524.22,551.98,615.68,623.78,590.81,615.08,544.84
5.91,593.71,524.53,518.21,523.25,553.23,615.16,624.16,592.9,617,544.8
5.92,594.91,523.24,518.3,523.08,551.29,614.65,624.36,594.79,618.72,547.86
5.93,596.15,527.03,519.07,523.01,551.77,614.13,624.39,596.68,620.5,548.96
5.94,597.21,526.26,519.42,522.12,555.37,613.59,624.25,598.57,621.84,548.08
5.95,598.1,530.7,517.74,521.36,556.99,613.24,623.91,600.47,623.48,548.13
5.96,598.81,529.6,521.35,521.21,554.81,612.87,623.59,602.39,624.52,552.23
5.97,599.33,533.35,522.67,520.82,558.8,612.69,623.08,604.14,625.55,550.91
5.98,599.91,533.01,521.15,520.82,560.4,612.49,622.59,605.68,626.64,554.42
5.99,600.08,536.93,524.88,520.79,558.47,612.46,621.9,607.29,627.39,556.2
6,600.28,536.82,526.4,520.96,562.07,612.63,621.28,608.46,627.74,557.52
6.01,600.31,540.35,528.07,521.08,563.64,612.77,620.25,609.9,628.14,559.24
6.02,600.14,541.93,530.21,521.49,561.88,613.09,619.21,610.99,628.14,560.96
6.03,600,543.33,531.7,522.7,565.68,613.6,618.18,611.71,628.18,562.67
6.04,599.68,544.51,533.59,524.19,567.25,614.09,617.18,612.2,628.03,564.37
6.05,599.2,546.21,535.46,523.29,565.6,614.78,615.91,612.95,627.72,566.31
6.06,598.51,545.03,537.58,523.95,568.63,615.43,615.08,613.32,627.27,567.83
6.07,597.85,547.6,539.27,524.79,569.69,616.29,614.08,613.52,626.41,569.58
6.08,596.99,549.36,541.13,525.84,570.64,617.12,612.85,613.55,625.55,571.13
6.09,596.19,548.14,543.3,526.65,570.9,618.19,611.78,613.41,624.72,572.7
6.1,594.95,548.23,544.51,527.88,571.81,618.98,610.96,613.1,623.72,574.11
6.11,593.92,548.72,547.17,528.89,572.33,620.22,609.89,612.58,622.48,575.28
6.12,592.95,550.86,547.89,530.04,572.87,621.28,609,612.1,621.51,576.71
6.13,591.48,551.26,549.58,531.72,573.22,622.05,608.31,611.41,620.14,577.78
6.14,590.68,551.29,551.75,531.98,573.59,623.48,607.63,610.78,618.73,578.64
6.15,589.48,551.36,551.73,536.09,573.79,624.52,606.91,609.78,617.59,579.5
6.16,588.22,549.45,552.77,534.85,573.79,625.52,606.36,608.55,615.98,580.41
6.17,587.38,548.96,557.07,536.18,573.82,626.75,606.02,607.51,614.83,580.96
6.18,586.32,547.94,554.79,539.75,573.65,627.78,605.61,606.51,613.25,581.33
6.19,585.49,549.68,555.28,538.14,573.51,628.78,605.61,605.31,611.82,581.5
6.2,584.37,549.12,556.08,539.28,573.16,630.02,605.58,604.16,610.84,581.7
6.21,583.88,546.12,556.08,542.82,572.85,631.11,605.69,602.55,609.38,581.76
6.22,583.17,544.53,555.99,541.55,572.36,631.74,606.21,601.35,608.55,581.45
6.23,582.62,546.17,556.73,541.85,571.9,632.8,606.72,600.15,607.48,580.93
6.24,582.28,544.82,555.82,543.71,569.32,633.72,607.18,598.94,606.59,580.44
6.25,581.93,541.47,555.3,546.29,570.58,634.24,608.07,597.71,605.87,579.76
6.26,581.53,543.07,554.4,544.92,570.29,634.76,608.67,596.65,605.33,579.1
6.27,581.53,540.35,556.73,544.64,569.61,635.3,609.9,595.78,604.95,578.27
6.28,581.47,538.25,556.32,545.19,569.09,635.65,610.93,594.89,604.75,577.2
6.29,581.82,539.43,552.29,545.47,567.31,636.02,611.9,594.21,604.72,576.4
6.3,582.16,536.8,550.87,546.05,565.48,636.2,613.31,593.46,604.86,575.17
6.31,582.45,535.8,553.07,547.57,567.2,636.4,614.51,593.12,605.18,574.14
6.32,583.14,534.59,548.49,548.44,566.48,636.43,615.65,592.74,605.66,573.13
6.33,583.85,533.28,550.43,546.55,565.99,636.26,617.26,592.54,606.32,571.93
6.34,584.25,532.76,546.69,545.81,565.53,636.12,618.41,592.51,607.18,570.7
6.35,585.48,532.3,544.79,545.47,563.27,635.78,619.98,592.65,608.01,569.69
6.36,586.52,531.39,546.16,545.12,562.3,635.43,621.33,593.03,609.01,568.46
6.37,587.52,530.85,542.13,544.64,561.87,635.12,622.91,593.17,610.21,567.4
6.38,588.69,530.5,540.89,545.08,563.44,634.57,624.31,593.42,611.36,566.54
6.39,590.1,530.13,541.74,546.38,563.67,634.29,625.45,594.31,612.9,565.71
6.4,591.27,529.96,538.55,546.05,563.47,633.6,627.06,594.94,614.45,564.65
6.41,592.65,529.73,537.18,542.88,563.47,632.91,628.27,595.97,615.97,563.7
6.42,594.02,529.85,537.23,541.31,563.44,632.23,629.47,596.98,617.69,563.38
6.43,595.37,530.34,535.54,540.81,563.64,631.51,630.74,598.15,619.41,562.84
6.44,596.98,531,534.77,543.14,563.76,631.05,631.6,599.52,621.09,562.47
6.45,598.15,531.92,534.68,542.58,563.1,630.19,632.46,600.87,623.02,562.27
6.46,599.52,532.41,534.02,539.55,562.04,629.3,633.35,602.42,624.7,562.27
6.47,600.99,532.99,533.08,538.47,562.05,628.58,634.1,603.99,626.63,562.24
6.48,601.79,534.36,532.66,537.67,564.74,628.1,634.44,605.31,628.35,562.36
6.49,603.02,535.79,532.86,537.43,565.45,627.38,634.82,607.06,630.1,562.93
6.5,604.08,536.82,532.83,539.57,565.94,626.89,634.99,608.58,631.61,563.04
6.51,604.91,537.91,532.97,537.15,566.68,626.17,635.16,610.36,633.43,563.47
6.52,605.98,538.27,533.16,536.03,567.28,625.6,635.4,611.67,634.6,564.53
6.53,606.87,541.37,534.69,535.49,565.43,625.45,635.23,613.48,636.01,565.39
6.54,607.58,541.48,534.99,535.09,568.49,625.08,635.09,614.65,637.24,566.25
6.55,608.1,545.07,535.51,535.09,569.35,624.91,634.74,616.03,638.3,567.06
6.56,608.62,544.52,537.42,535.09,570.35,624.7,634.46,617.44,639.16,568.26
6.57,609.16,548.54,537.77,535.09,570.15,624.7,633.77,618.64,640.09,569.44
6.58,609.54,547.84,539.19,535.09,571.38,624.7,633.12,619.87,640.64,570.81
6.59,609.74,551.18,541.94,535.01,572.44,624.64,632.23,620.97,641.01,572.19
6.6,609.74,552.98,541.82,535.55,573.36,624.99,631.54,621.59,641.18,573.53
6.61,609.77,552.57,543.99,535.84,574.11,625.33,630.91,622.69,641.42,575.08
6.62,609.66,555.39,544.93,536.29,572.73,625.64,629.88,623.41,641.25,576.66
6.63,609.11,556.48,549.82,539.04,575.22,626.13,628.82,623.95,641.11,578
6.64,608.77,557.06,548.39,537.9,575.91,626.81,627.96,624.3,640.76,579.55
6.65,608.46,558.52,553.12,537.26,576.63,627.5,627.13,624.67,640.48,581.13
6.66,607.94,559.4,551.51,538.54,577.17,628.19,626.1,624.88,639.83,582.5
6.67,607.42,560.09,555.93,542.34,577.52,628.85,625.03,624.91,638.97,583.91
6.68,606.94,560.81,555.45,542.23,577.83,629.68,624.2,624.74,638.11,585.11
6.69,606.28,561.32,557.2,541.47,578.35,630.77,623.14,624.59,637.28,586.34
6.7,605.39,561.87,558.47,542.39,578.87,631.43,622.25,624.28,636.28,587.38
6.71,604.7,562.27,562.04,544.3,579.44,632.22,621.56,623.77,635.04,588.41
6.72,604.04,562.27,563.59,544.38,579.58,633.46,620.84,623.31,634.07,589.5
6.73,603.21,562.3,563.65,548.33,579.96,634.52,620.36,622.42,632.67,590.16
6.74,602.12,562.15,565.88,547,580.16,635.35,619.61,621.73,631.43,591.08
6.75,601.43,561.84,567.03,547.44,580.16,636.35,619.26,621.04,630.46,591.59
6.76,600.74,561.54,567.71,551.24,580.13,637.65,618.89,620.42,629.05,592.14
6.77,600.09,559.23,565.23,552.83,580.36,638.27,618.71,619.39,627.82,592.48
6.78,599.17,560.09,568.58,551.35,580.16,639.3,618.48,618.32,626.82,592.88
6.79,598.65,559.83,568.95,551.78,580.16,640.4,618.65,617.49,625.55,592.88
6.8,598.1,559.11,569.15,552.46,580.19,641.06,618.79,616.49,624.69,592.91
6.81,597.73,557.22,569.18,556.47,580.01,641.95,619.11,615.23,623.83,592.77
6.82,597.59,556.45,569,554.84,579.84,642.64,619.59,614.37,622.94,592.46
6.83,597.21,556.44,569.03,554.91,579.64,643.32,620.28,613.54,622.22,591.94
6.84,597.01,555.54,567.66,555.52,579.7,644.04,621,612.47,621.67,591.42
6.85,597.01,551.75,565.85,558.2,579.3,644.59,621.45,611.58,621.36,590.94
6.86,597.01,553.35,567.37,558.92,579.35,644.94,622.28,610.86,620.75,590.25
6.87,596.98,552.36,566.74,559.49,578.95,645.31,623.34,610.35,620.78,589.56
6.88,597.15,549.59,566.07,559.66,578.98,645.48,624.17,609.8,620.54,588.87
6.89,597.3,547.8,562.07,559.86,578.84,645.66,625.17,609.49,620.69,588.22
6.9,597.64,549.36,563.67,559.86,578.44,645.86,626.38,608.91,621.03,587.33
6.91,597.92,548.6,562.83,559.86,578.46,645.89,627.61,608.74,621.34,586.67
6.92,598.61,545.47,558.6,559.92,578.29,645.72,628.55,608.54,621.83,585.81
6.93,599.27,544.85,560.43,559.57,578.09,645.55,630.19,608.51,622.45,584.95
6.94,600.13,546.53,559.42,559.23,578.09,645.41,631.16,608.65,623.48,584.06
6.95,600.99,546.01,554.99,558.91,578.09,645.06,632.53,608.99,624.52,583.37
6.96,601.79,545.47,556.79,558.68,578.09,644.72,633.97,609.34,625.52,582.68
6.97,603.02,545.1,555.97,556.24,578.09,644.41,634.94,609.62,626.72,581.99
6.98,604.08,545.06,551.53,555.04,578.06,643.89,636.35,610.31,627.86,581.3
6.99,604.88,543.97,553.49,554.79,578.24,643.38,637.58,610.99,629.44,580.56
7,606.09,543.07,552.82,556.68,578.41,642.89,638.58,611.62,630.78,580.21
7.01,607.32,543.62,549.16,556.22,578.58,642.17,639.85,612.62,632.33,579.87
7.02,608.35,545.33,547.86,555.66,578.75,641.66,640.71,613.89,633.91,579.5
7.03,609.35,545.85,550.17,552.6,578.92,641.17,641.57,614.65,635.22,579.3
7.04,610.62,546.69,549.7,551.63,579.1,640.48,642.46,616.06,636.97,579.3
7.05,611.45,544.79,547.44,551.18,579.24,639.76,643.15,617.23,638.52,579.27
7.06,612.48,545.09,546.44,553.06,579.58,639.28,643.9,618.58,640.1,579.41
7.07,613.51,548.52,546.47,552.57,579.96,638.53,644.25,620.19,641.41,579.75
7.08,614.57,549.93,546.19,552.11,580.1,638.22,644.59,621.36,643.23,580.07
7.09,615.43,547.79,546.49,549.88,580.44,637.67,645,622.73,644.4,580.56
7.1,616.29,551.56,548.87,548.73,580.84,637.36,644.97,624.11,645.77,581.24
7.11,617.18,553.35,547.23,548.39,580.84,636.81,645.2,625.49,647.25,581.9
7.12,617.9,551.37,549.16,547.99,580.73,636.43,645.03,626.89,648.04,582.76
7.13,618.39,555.37,548.05,547.99,581.44,636.26,644.86,628.06,649.31,583.62
7.14,619.11,556.82,548.36,547.94,581.96,636.06,644.72,629.47,650.2,584.45
7.15,619.62,555.95,551.73,548.39,582.51,636.09,644.38,630.74,650.89,585.48
7.16,620.17,559.46,553.55,548.02,582.82,635.85,644.06,631.53,651.61,586.52
7.17,620.54,558.15,551.45,547.79,583.37,636.06,643.58,632.8,652.16,587.52
7.18,620.72,561.53,554.74,547.96,583.71,635.99,642.92,633.69,652.5,588.72
7.19,620.92,563.3,557.08,548.11,584.08,636.37,642.03,634.35,652.91,589.93
7.2,620.92,561.56,555.46,548.32,584.23,636.48,641.34,635.24,652.91,591.13
7.21,620.92,565.17,560,549.35,584.54,636.99,640.69,635.96,652.94,592.3
7.22,620.95,566.45,558.41,551.87,585.06,637.54,639.83,636.51,652.81,593.71
7.23,620.78,567.11,562.39,552.35,585.57,637.85,638.97,636.85,652.49,594.88
7.24,620.67,567.95,563.73,553.4,586.12,638.34,638.08,637.26,652.01,596.29
7.25,620.12,569.03,565.31,551.38,586.46,639.02,637.42,637.26,651.29,597.52
7.26,619.81,569.75,567.03,552.59,586.81,639.68,636.56,637.29,650.81,598.55
7.27,619.29,570.38,565.66,555.25,587.15,640.57,635.7,637.12,650.15,599.58
7.28,618.75,570.41,569.49,556.5,587.52,641.26,634.78,636.98,649.32,600.62
7.29,618.4,568.49,570.47,554.51,587.69,641.92,634.26,636.67,648.26,601.71
7.3,618.09,570.67,571.84,555.4,587.84,642.74,633.77,636.18,647.43,602.4
7.31,617.57,570.87,573.33,558.86,588.18,643.84,633.05,635.46,646.4,603.08
7.32,617.09,571.1,573.96,560.06,588.53,644.49,632.54,634.98,645.37,603.8
7.33,616.37,569.61,575,558.18,588.9,645.35,631.99,634.29,644.33,604.32
7.34,615.85,568.58,576.06,561.44,589.07,646.21,631.62,633.63,643.33,604.86
7.35,615.34,570.18,576.97,562.3,589.24,647.07,631.44,632.77,642.06,605.21
7.36,614.82,570.24,577.58,563.53,589.39,647.97,631.27,631.91,641.24,605.58
7.37,614.27,569.92,577.6,561.42,589.79,648.65,631.07,631.02,640.2,605.75
7.38,613.96,569.46,577.55,564.88,589.76,649.34,631.04,630.43,639.14,605.96
7.39,613.41,568.74,576.57,565.77,589.93,650.03,631.18,629.16,638.22,605.96
7.4,613.04,566.8,576.37,566.51,590.1,650.75,631.55,628.3,637.73,605.99
7.41,612.87,566.4,576.37,567,590.3,651.27,631.66,627.44,637.04,605.81
7.42,612.69,566.54,576.2,566.11,590.27,651.81,632.15,626.58,636.32,605.67
7.43,612.52,565.73,577.43,568,590.48,652.16,632.83,625.69,635.81,605.36
7.44,612.29,564.67,577.29,568.75,590.48,652.5,633.52,624.97,635.23,604.84
7.45,612.49,562.13,577.03,569.09,590.45,652.88,634.21,624.45,635.06,604.33
7.46,612.46,563.27,576.17,569.46,590.65,653.05,634.87,623.94,634.85,603.81
7.47,612.6,562.41,575.34,569.64,590.65,653.26,635.66,623.42,634.82,603.32
7.48,612.95,561.91,574.19,569.84,590.62,653.22,636.93,622.91,634.99,602.61
7.49,613.32,558.03,573.96,569.84,590.82,653.46,637.76,622.36,635.1,602.09
7.5,613.43,560.09,573.05,569.84,590.82,653.26,638.79,621.95,635.62,601.57
7.51,613.95,559.8,571.13,569.86,590.79,653.29,639.82,621.98,636.1,601.06
7.52,614.49,559.11,570.64,569.69,590.99,653.12,640.85,621.75,636.79,600.54
7.53,614.78,558.42,570.04,569.52,590.96,652.94,641.85,621.92,637.48,600.03
7.54,615.43,557.99,569.17,569.41,591.16,652.77,643.05,622.06,638.13,599.51
7.55,616.29,555.42,565.11,568.86,591.16,652.6,644.29,622.37,638.93,598.96
7.56,617.18,555.24,567.08,568.55,591.16,652.46,645.32,622.86,640.16,598.62
7.57,617.87,555.04,566.33,568.4,591.13,652.08,646.35,623.58,641.16,598.28
7.58,618.53,555.04,563.33,565.14,591.31,651.95,647.39,624.06,642.34,597.93
7.59,619.36,554.96,561.64,565.34,591.48,651.6,648.45,624.72,643.74,597.59
7.6,620.42,555.2,563.76,566.8,591.62,651.22,649.31,625.55,644.91,597.21
7.61,621.31,557.68,563.04,566.51,591.99,651.09,650.2,626.58,646.32,597.01
7.62,621.91,558.4,562.52,565.79,592.17,650.71,650.86,627.64,647.49,596.98
7.63,623.17,558.92,562.35,565.31,592.31,650.57,651.78,628.41,648.87,597.18
7.64,624.06,559.54,559.37,564.87,592.68,650.19,652.3,629.85,650.24,597.12
7.65,624.75,559.48,559.2,562.35,592.82,650.02,652.85,630.88,651.62,597.47
7.66,625.41,557.98,559,561.72,593.2,649.85,653.19,631.85,653.06,597.78
7.67,626.27,561.41,558.97,561.7,593.34,649.68,653.53,633.29,654.03,598.3
7.68,627.16,562.5,559.09,563.36,593.68,649.47,653.91,634.29,655.43,598.81
7.69,627.88,563.44,559.63,562.98,594.03,649.5,654.12,635.46,656.7,599.3
7.7,628.36,561.93,559.58,562.84,594.4,649.3,654.12,636.9,657.53,599.99
7.71,629.05,565.37,562.7,562.47,594.54,649.3,654.15,637.9,658.56,600.65
7.72,629.77,566.71,563.58,562.3,594.89,649.3,654.01,639.1,659.69,601.51
7.73,630.32,565.23,561.44,562.1,595.23,649.27,653.63,640.34,660.21,602.37
7.74,630.66,568.43,561.88,562.1,595.55,649.44,653.53,641.4,660.69,603.23
7.75,631,570.06,565.68,562.07,596.09,649.64,652.98,642.23,661.41,604.08
7.76,631.38,567.92,567.34,562.21,596.41,649.61,652.67,643.29,661.96,604.94
7.77,631.58,571.53,565,562.58,596.95,649.75,652.18,644.22,662.31,605.77
7.78,631.58,573.02,568.52,562.73,597.3,650.13,651.46,644.73,662.72,606.81
7.79,631.58,572.07,570.7,563.1,597.61,650.27,650.98,645.21,662.72,607.87
7.8,631.58,574.31,568.95,563.55,598.16,650.61,650.29,645.94,662.75,608.67
7.81,631.58,575.34,572.65,561.67,598.5,650.99,649.63,646.48,662.64,609.9
7.82,631.65,576.46,573.16,561.82,598.81,651.13,648.74,646.86,662.13,610.96
7.83,631.27,577,574.91,564.91,599.36,651.44,648.05,647.03,661.61,611.79
7.84,631.13,577.23,576.86,565.59,599.7,651.99,647.37,647.27,661.1,612.82
7.85,630.76,578.35,575.34,566.31,600.02,652.3,646.68,647.06,660.58,613.89
7.86,630.62,578.89,578.72,567.17,600.56,652.85,645.99,647.13,660.1,614.78
7.87,630.33,579.27,580.47,564.88,600.91,653.19,645.3,646.75,659.47,615.43
7.88,629.61,579.41,579,568.12,601.25,653.5,644.58,646.64,658.41,616.32
7.89,629.07,579.81,582.02,569.21,601.6,654.02,644.06,646.1,657.52,617.04
7.9,628.72,579.81,583.28,570.15,601.94,654.57,643.52,645.82,656.89,617.56
7.91,628.38,579.81,584.2,568.75,602.28,654.88,643.2,645.1,655.86,618.11
7.92,628.07,579.84,584.65,571.41,602.63,655.43,642.66,644.61,654.8,618.42
7.93,627.52,579.67,585.54,572.27,602.97,655.74,642.28,643.92,653.9,618.97
7.94,627.21,579.53,586.29,573.19,603.32,656.29,642.11,643.24,653.28,619.31
7.95,626.69,579.18,586.6,573.68,603.66,656.63,641.9,642.58,652.22,619.69
7.96,626.14,578.87,587.15,574.34,604.03,656.97,641.9,641.69,651.32,619.86
7.97,625.77,578.38,587.52,575.2,604.18,657.32,641.87,641,650.63,620.06
7.98,625.63,577.66,587.69,576.08,604.52,657.66,642.01,640.34,649.95,620.06
7.99,625.28,577.09,587.9,576.83,604.89,658.01,642.36,639.48,649.26,620.09
8,624.91,576.97,587.93,577.26,605.07,658.35,642.67,638.59,648.54,619.92
8.01,624.7,576.49,587.78,576.94,605.21,658.69,643.18,637.87,647.99,619.78
8.02,624.7,575.83,587.47,577.63,605.58,659.07,643.7,637.36,647.61,619.43
8.03,624.7,575.28,586.98,578.38,605.75,659.24,644.22,636.87,647.44,619.09
8.04,624.7,571.87,586.26,578.72,605.93,659.42,644.67,636.15,647.27,618.75
8.05,624.67,573.28,585.78,579.07,606.13,659.59,645.53,635.64,647.03,618.4
8.06,624.84,573.36,585.47,579.44,606.1,659.79,646.42,635.09,647.24,618.09
8.07,624.99,572.85,581.73,579.64,606.27,659.76,647.07,634.71,647.17,617.51
8.08,625.33,572.36,584.06,579.61,606.44,659.96,647.9,634.54,647.52,617.4
8.09,625.67,571.67,583.43,579.84,606.61,659.93,648.93,634.34,647.86,616.88
8.1,626.02,571.21,582.89,579.67,606.79,660.14,650.03,634.34,648.14,616.34
8.11,626.3,568.6,578.29,579.5,606.96,660.14,650.62,634.34,648.83,616.02
8.12,627.02,570.01,577.86,579.35,607.13,660.14,651.86,634.3,649.51,615.45
8.13,627.53,570.01,579.5,578.98,607.3,660.14,652.92,634.44,650.2,615.31
8.14,628.05,570.04,579.82,578.84,607.47,660.14,653.75,634.76,650.82,614.99
8.15,628.53,569.84,576.43,578.49,607.68,660.14,654.81,635.27,651.86,614.41
8.16,629.19,569.84,574.82,578.21,607.62,660.14,655.67,635.76,652.92,614.27
8.17,630.08,569.84,574.62,577.43,608.02,660.14,656.53,636.44,653.72,613.9
8.18,630.8,569.81,576.37,577.23,607.99,660.14,657.36,637.13,654.92,613.73
8.19,631.25,570.01,574.11,577.29,608.16,660.14,658.49,637.82,656.16,613.52
8.2,632.11,570.24,573.19,576.95,608.3,660.14,658.97,638.44,657.19,613.49
8.21,633.01,568.58,572.62,576.6,608.68,660.14,659.66,639.51,658.15,613.67
8.22,633.72,568.58,572.5,576.29,608.85,660.14,660.38,640.37,659.63,613.84
8.23,634.21,571.27,571.9,575.74,608.99,660.14,660.9,641.2,660.39,614.01
8.24,634.9,571.96,571.9,575.43,609.34,660.14,661.45,642.2,661.8,614.15
8.25,635.58,572.67,571.87,574.88,609.68,660.14,661.79,643.46,663.1,614.49
8.26,636.27,573.48,572.01,574.88,610.02,660.14,662.17,644.26,662.79,614.84
8.27,636.99,571.64,572.22,572.04,610.37,660.14,662.37,645.46,670.4,615.15
8.28,637.51,574.51,573.33,572.02,610.71,660.1,662.37,646.73,666.47,615.67
8.29,638.02,575.34,575.28,573.59,611.02,660.31,662.37,647.56,666.54,616.18
8.3,638.57,576.46,575.51,573.79,611.57,660.27,662.41,648.56,666.29,616.67
8.31,638.88,576.89,576.98,573.79,611.91,660.48,662.23,649.83,673.44,617.36
8.32,639.43,577.92,575.17,573.79,612.26,660.45,662.09,650.69,669.97,618.04
8.33,639.78,578.98,574.56,573.79,612.6,660.62,661.75,651.55,669.73,618.7
8.34,640.15,579.96,578.58,573.79,612.92,660.82,661.41,652.37,669.94,619.56
8.35,640.32,579.9,579.87,573.88,613.43,660.79,661.1,653.47,669.91,620.42
8.36,640.5,581.56,580.9,573.36,613.98,660.96,660.55,654.19,670.08,621.28
8.37,640.7,582.42,579.04,572.45,614.32,661.1,660.24,654.71,670.28,622.14
8.38,640.7,583.34,580.32,574.57,614.67,661.48,659.72,655.25,670.28,623
8.39,640.7,583.76,583.91,575.08,615.01,661.62,659.2,655.57,670.32,623.86
8.4,640.73,584.83,583.82,575.6,615.35,661.99,658.69,656.11,670.15,624.75
8.41,640.56,585.71,585.66,576.11,615.7,662.13,658.2,656.46,669.97,625.41
8.42,640.39,586.4,586.72,576.63,616.04,662.51,657.52,656.84,669.77,626.27
8.43,640.22,587.15,587.49,577.2,616.36,662.68,656.79,657.04,669.77,627.13
8.44,640.08,587.49,588.89,577.26,616.9,662.85,656.28,657.04,669.7,628.02
8.45,639.73,587.81,590.16,578.12,617.25,663.03,655.76,657.11,670.04,628.74
8.46,639.36,588.35,590.99,578.98,617.59,663.2,655.25,656.73,671.09,629.22
8.47,639.22,588.73,592.05,579.9,617.97,663.37,654.7,656.59,667.25,629.94
8.48,638.87,588.9,592.91,580.47,618.11,663.54,654.39,656.28,666.88,630.46
8.49,638.53,589.07,593.77,580.53,618.48,663.68,653.84,655.73,666.71,631
8.5,638.18,589.24,594.69,581.39,618.62,664.06,653.46,655.42,666.8,631.35
8.51,637.81,589.44,595.2,582.28,619,664.2,653.29,654.87,665.12,631.69
8.52,637.67,589.47,595.75,582.96,619.14,664.51,653.12,654.56,664.19,632.07
8.53,637.32,589.27,596.06,583.71,619.51,664.06,652.91,654.07,663.64,632.21
8.54,636.98,589.3,596.61,583.97,619.65,671.13,652.94,653.39,663.36,632.62
8.55,636.64,589.13,596.98,584.83,620.03,668.35,652.71,652.7,662.71,632.58
8.56,636.26,588.99,597.15,585.74,620.17,666.5,652.88,651.98,661.82,632.82
8.57,636.09,588.64,597.33,586.23,620.54,666.5,653.02,651.46,661.06,632.62
8.58,635.95,588.36,597.56,586.98,620.72,666.5,653.36,650.95,660.72,632.65
8.59,635.54,587.58,597.36,587.32,620.89,666.47,653.71,650.46,660.37,632.51
8.6,635.57,587.44,597.39,587.67,621.06,666.64,654.02,649.74,660,632.13
8.61,635.37,587.09,597.24,588.01,621.23,666.84,654.57,649.23,659.82,631.99
8.62,635.34,586.78,596.87,588.35,621.4,666.81,654.88,648.71,659.65,631.62
8.63,635.54,586.23,596.73,588.73,621.58,666.98,655.36,648.16,659.45,631.48
8.64,635.54,585.92,596.38,588.87,621.75,667.15,656.05,647.78,659.45,631.13
8.65,635.51,585.37,596.07,589.24,621.95,667.33,656.7,647.61,659.42,630.82
8.66,635.68,585.09,595.55,589.41,621.92,667.5,657.56,647.41,659.59,630.27
8.67,635.82,584.46,595.01,589.62,622.09,667.6,658.42,647.44,659.73,629.96
8.68,636.16,583.37,594.69,589.62,622.26,667.82,659.35,647.24,660.1,629.41
8.69,636.48,582.39,594.21,589.62,622.41,669.75,659.8,647.2,660.24,629.07
8.7,637.02,583.6,593.52,589.62,622.78,673,660.66,647.38,660.55,628.72
8.71,637.37,583.63,592.8,589.65,622.95,673.28,661.42,647.55,661.04,628.38
8.72,637.68,583.42,592.31,589.47,623.09,673.27,662.96,647.69,661.66,628.03
8.73,638.23,583.42,591.57,589.33,623.47,670.9,663.48,648.03,662.79,627.69
8.74,638.51,583.42,591.22,588.96,623.61,670.32,663.86,648.34,663.3,627.32
8.75,639.2,583.42,590.91,588.81,623.95,670.15,665.13,648.83,663.72,627.17
8.76,639.92,583.42,590.36,588.47,624.33,669.94,666.06,649.51,664.65,626.8
8.77,640.43,583.39,590.02,588.13,624.5,669.97,666.57,650.17,666.47,626.6
8.78,640.95,583.6,589.67,587.78,624.64,669.77,667.02,651.09,666.54,626.6
8.79,641.46,583.6,589.3,587.38,625.02,669.77,667.71,651.55,666.76,626.6
8.8,641.95,583.63,589.13,587.41,625.16,669.77,669.83,652.37,670.59,626.56
8.81,642.64,583.25,588.93,587.24,625.5,669.77,669.42,653.44,669.7,626.74
8.82,643.36,584.37,588.9,587.07,625.85,669.77,669.39,654.3,669.51,626.91
8.83,643.87,584.88,589.07,586.89,626.19,669.77,669.56,655.09,673.21,627.08
8.84,644.39,585.4,589.24,586.75,626.53,669.77,669.7,656.29,673.24,627.22
8.85,644.9,585.89,589.39,586.38,626.85,669.77,670.08,657.6,673,627.6
8.86,645.42,586.63,589.73,586.21,627.39,669.77,670.28,658.25,672.37,627.74
8.87,645.94,586.95,590.04,586.03,627.77,669.73,670.28,659.05,677.71,628.05
8.88,646.48,587.41,590.56,585.83,627.91,669.94,670.28,660.31,676.54,628.57
8.89,646.83,588.29,591.1,585.83,628.25,669.91,670.32,661.21,676.54,629.05
8.9,647.17,588.95,591.39,585.83,628.6,670.08,670.18,661.8,673.56,629.74
8.91,647.52,589.84,592.11,585.8,628.94,670.28,669.77,663.1,675.9,630.46
8.92,647.89,590.56,592.59,586,629.29,670.25,669.73,663.79,679.51,630.97
8.93,648.03,591.05,593.25,585.95,629.6,670.42,669.94,664.38,685.9,631.46
8.94,648.44,591.7,594.14,586.32,630.14,670.59,669.97,665.71,681.08,632.11
8.95,648.41,592.59,594.8,586.46,630.49,670.77,669.87,666.26,680.33,633.01
8.96,648.58,593.31,595.63,586.81,630.83,670.94,669.22,666.61,680.09,633.69
8.97,648.82,593.86,596.69,587.18,631.21,670.71,669.19,666.95,679.12,634.38
8.98,648.61,594.14,597.55,587.35,631.35,673.25,670.76,666.83,678.47,635.07
8.99,648.61,594.86,598.38,587.46,631.72,673.5,670.48,670.11,679.85,635.76
9,648.61,595.37,599.41,587.95,631.9,677.53,667.29,670.18,680.16,636.41
9.01,648.64,595.89,600.47,588.67,632.07,674.41,666.74,669.8,680.61,637.34
9.02,648.47,596.44,601.33,589.18,632.21,673.41,666.36,669.6,681.09,637.85
9.03,648.3,596.75,602.19,589.7,632.58,673.24,666.16,669.6,685.76,638.37
9.04,648.13,597.3,603.02,590.22,632.76,673.07,665.56,669.53,677.95,638.85
9.05,647.96,597.64,604.12,590.73,632.9,672.86,669.82,669.81,675.51,639.54
9.06,647.78,597.98,604.8,591.22,633.27,672.86,666.73,670.26,673.66,640.26
9.07,647.64,598.33,605.52,591.91,633.44,672.83,664.33,673.4,676.1,640.84
9.08,647.27,598.7,606.01,592.59,633.65,673.04,663.99,668.22,675.83,640.98
9.09,647.1,598.87,606.72,593.28,633.62,673,663.61,667.25,679.26,641.32
9.1,646.96,599.05,607.24,594,633.79,673.17,663.4,666.88,676.5,641.7
9.11,646.58,599.25,607.76,594.51,633.99,673.35,663.4,666.74,673.24,641.84
9.12,646.41,599.25,608.3,595,633.96,673.52,663.37,666.36,673.04,642.25
9.13,646.24,599.28,608.68,595.72,634.16,673.69,663.58,666.19,673,642.22
9.14,646.06,599.08,608.85,596.26,634.16,673.83,663.58,665.25,673.07,642.42
9.15,645.89,599.11,609.02,596.58,634.16,673.73,663.54,670.81,674.03,642.42
9.16,645.72,598.93,609.19,597.12,634.13,676.62,663.75,664.54,673.75,642.42
9.17,645.52,598.73,609.4,597.47,634.34,677.07,663.71,664.02,670.52,642.42
9.18,645.52,598.76,609.4,597.78,634.34,682.7,663.85,663.47,670.15,642.48
9.19,645.52,598.59,609.4,598.33,634.34,677.47,664.16,663.13,669.94,642.11
9.2,645.52,598.42,609.4,598.67,634.34,676.72,664.61,662.75,669.94,641.94
9.21,645.52,598.22,609.43,599.02,634.3,676.34,665.57,662.58,669.97,641.76
9.22,645.48,598.25,609.25,599.36,634.51,676.13,665.92,662.44,669.73,641.62
9.23,645.69,598.07,609.08,599.73,634.51,676.13,666.23,662.06,669.94,641.25
9.24,645.66,597.9,608.91,599.91,634.51,676.1,666.78,661.89,669.97,641.08
9.25,645.8,597.73,608.77,600.08,634.48,676.27,666.65,661.68,669.73,640.94
9.26,646.17,597.53,608.39,600.31,634.68,676.48,670.04,661.68,669.94,640.59
9.27,646.31,597.56,608.28,600.11,634.65,676.44,669.39,661.68,669.87,640.25
9.28,646.66,597.39,607.74,600.11,634.82,676.65,669.53,661.65,670.22,639.9
9.29,647,597.18,607.39,600.11,635.02,676.61,669.84,661.82,669.49,639.59
9.3,647.34,597.21,607.05,600.14,635.02,676.79,669.22,661.99,677.09,639.01
9.31,647.69,597.01,606.7,599.94,634.99,676.96,677.6,662.17,673.45,638.84
9.32,648.06,597.01,606.36,599.94,635.16,677.1,672.83,662.31,673.07,638.7
9.33,648.2,597.01,605.99,599.97,635.34,677.44,673,662.65,672.73,638.32
9.34,648.55,596.98,605.81,599.76,635.48,677.24,673.07,662.96,672.04,638.12
9.35,648.86,597.15,605.64,599.79,635.85,680.2,672.42,663.44,682.28,638.15
9.36,649.37,597.33,605.47,599.62,635.99,684.36,682.56,663.1,676.74,637.95
9.37,649.89,597.47,605.27,599.45,636.37,687.1,675.99,671.09,673.56,637.98
9.38,650.41,597.81,605.27,599.25,636.51,684.76,675.72,666.12,674.99,637.74
9.39,650.92,598.19,605.27,599.28,636.85,681.53,676.06,666.23,686.07,637.95
9.4,651.47,598.33,605.24,599.14,637.23,681.19,676.37,666.68,680.67,637.92
9.41,651.81,598.64,605.44,598.76,637.37,680.88,676.35,667.3,676.56,638.12
9.42,652.16,599.16,605.41,598.56,637.74,680.29,679.41,669.83,678.67,638.09
9.43,652.5,599.67,605.58,598.56,637.88,680.26,684.66,669.32,689.79,638.23
9.44,652.81,600.22,605.72,598.59,638.23,679.4,684.59,669.74,681.22,638.6
9.45,653.36,600.53,606.1,598.36,638.6,678.33,681.36,670.57,680.5,638.74
9.46,653.67,601.08,606.21,598.56,638.78,678.61,680.98,673.14,679.79,639.06
9.47,654.22,601.39,606.72,598.53,638.92,678.16,680.78,672.45,687.93,639.57
9.48,654.6,601.91,607.24,598.7,639.26,678.37,680.78,672.66,688.17,640.09
9.49,654.77,602.4,607.79,598.9,639.57,678.16,680.74,673.29,683.35,640.6
9.5,654.94,603.11,608.07,598.87,640.12,679.26,680.88,677.23,681.26,641.15
9.51,655.12,603.6,608.76,599.02,640.46,680.16,680.82,676.02,681.36,641.46
9.52,655.29,604.32,609.45,599.39,640.84,679.61,682.98,674.25,681.57,641.95
9.53,655.46,604.8,610.13,599.53,641.01,680.36,688.65,676.13,683.91,642.6
9.54,655.63,605.49,610.82,599.91,641.15,680.67,681.32,675.78,684.22,643.5
9.55,655.84,606.21,611.51,600.05,641.53,680.75,677.13,684.83,687.28,644.25
9.56,655.8,606.69,612.17,600.39,641.67,683.16,676.3,681.32,687.48,644.53
9.57,656.01,607.41,613.03,600.74,642.04,687.97,676.34,680.56,687.52,645.25
9.58,656.01,607.93,613.89,601.05,642.22,692.03,676.13,677.75,687.69,645.7
9.59,656.01,608.48,614.78,601.6,642.39,688,676.17,677.34,685.59,646.59
9.6,656.04,608.79,615.43,601.88,642.53,684.97,675.93,677.3,684.7,647.31
9.61,655.84,609.34,616.29,602.6,642.9,684.66,675.9,677.51,684.28,647.86
9.62,655.84,609.65,617.18,603.11,643.08,684.52,676.73,677.54,681.88,648.2
9.63,655.87,610.19,617.9,603.6,643.25,681.7,681.73,677.34,681.5,648.48
9.64,655.66,610.54,618.42,604.32,643.42,681.33,673.96,677.37,681.26,649.17
9.65,655.7,610.88,618.9,604.83,643.59,681.15,673.62,677.16,680.89,649.89
9.66,655.52,611.26,619.59,605.35,643.76,680.95,673.21,677.16,683.7,650.44
9.67,655.32,611.4,620.31,605.87,643.94,680.98,673.24,676.59,687.28,650.82
9.68,655.35,611.77,620.83,606.38,644.11,680.78,673.07,679.92,692,650.99
9.69,655.18,611.95,621.37,606.9,644.31,680.78,672.86,680.17,684.08,651.16
9.7,655.01,612.12,621.69,607.41,644.28,680.74,672.86,686.07,680.81,651.33
9.71,654.8,612.29,622.23,607.96,644.48,680.88,672.86,679.46,680.54,651.5
9.72,654.84,612.46,622.61,608.27,644.45,681.22,672.86,677.09,680.91,651.68
9.73,654.63,612.66,622.75,608.79,644.66,681.43,672.86,676.58,680.54,651.85
9.74,654.63,612.63,623.12,609.3,644.62,682.36,672.86,676.3,683.39,652.05
9.75,654.63,612.84,623.33,609.85,644.8,684.01,672.86,674.41,687.28,652.05
9.76,654.63,612.84,623.33,610.16,645,684.02,672.83,673.35,688.69,652.08
9.77,654.63,612.84,623.33,610.68,645,690.82,673.04,672.98,681.6,651.88
9.78,654.63,612.84,623.36,611.23,644.97,695.27,672.97,675.6,680.84,651.91
9.79,654.63,612.84,623.19,611.6,645.17,691.55,673.35,681.83,680.81,651.71
9.8,654.6,612.87,623.02,611.74,645.17,687.97,673.42,676.92,678.64,651.74
9.81,654.8,612.69,622.84,612.09,645.14,687.62,672.76,674.34,677.96,651.57
9.82,654.8,612.49,622.67,612.46,645.34,684.87,682.93,673.76,677.96,651.4
9.83,654.77,612.49,622.5,612.63,645.31,684.35,676.17,673.55,680.36,651.22
9.84,654.94,612.52,622.33,612.84,645.52,682.67,675.93,673.59,680.64,651.02
9.85,655.08,612.32,622.19,612.81,645.48,681.64,676.06,673.38,680.34,651.05
9.86,655.43,612.32,621.84,613.01,645.66,681.64,676.41,673.35,687.11,650.88
9.87,655.77,612.29,621.47,612.98,645.86,681.64,674.83,673.52,687.97,650.71
9.88,656.11,612.49,621.33,613.18,645.83,681.6,688.21,673.69,684.63,650.54
9.89,656.46,612.49,620.98,613.18,646,681.81,681.05,673.39,681.19,650.4
9.9,656.84,612.46,620.64,613.15,646.14,681.54,679.64,675.6,680.81,650.02
9.91,657.01,612.63,620.26,613.35,646.55,683.05,677.86,681.8,680.4,649.85
9.92,657.21,612.81,620.12,613.35,646.52,683.8,679.03,676.85,679.8,649.68
9.93,657.15,613.01,619.75,613.35,646.66,684.11,684.35,676.06,692.03,649.5
9.94,657.52,612.95,619.57,613.35,647.03,684.56,685.28,673.18,686.21,649.3
9.95,657.63,613.32,619.37,613.35,647.2,685.15,680.95,674.04,681.46,649.33
9.96,658.15,613.46,619.4,613.38,647.34,687.28,680.91,676.1,680.95,649.1
9.97,658.63,613.84,619.23,613.18,647.72,690.44,680.64,675.85,683.26,649.3
9.98,659.35,614.01,619.03,613.18,647.89,691.79,682.06,686.55,688.79,649.3
9.99,659.93,614.18,619.03,613.21,648.03,688.83,690.99,676.61,684.11,649.24
10,660.1,614.32,619.03,613.01,648.41,688.03,691.31,676.55,683.7,649.61
